Rent,Address,Zip,num_bedrooms,num_bathrooms,num_sqft
"$3,300",85 Wood Street,M4Y,3,2,810
"$2,295",300 Balliol Street,M4S,1,1,600
"$2,300",8 Fieldway Road,M8Z,1,1,
"$1,950",160 Flemington Road,M6A,2,2,630
"$2,045",117 Gerrard Street East,M5B,1,1,
"$2,050",83 Redpath Avenue,M4S,1,1,562
"$1,900",150 Sudbury Street,M6J,1,1,
"$2,850",25 Telegram Mews,M5V,2,2,933
"$3,250",38 Grenville Street,M4Y,2,2,
"$2,150",25 Carlton Street,M5B,1,1,
"$2,350",633 Bay Street,M5G,1,1 ½,833
"$2,250",88 Harbour Street,M5J,1,1,581
"$1,950",66 Portland Street,M5V,1,1,570
"$2,080",35 Balmuto Street,,1,1,610
"$1,800",30 Ordnance Street,M6K,1,1,496
"$2,700",30 Ordnance Street,M6K,2,2,801
"$2,250",8 The Esplanade,M5E,1,1,638
"$1,900",155 Yorkville Avenue,M5R,1,1,430
"$2,500",80 John Street,M5V,1,1,
"$1,980",386 Yonge Street,M5G,1,1,518
"$2,300",383 Sorauren Avenue,M6R,1,1,
"$3,600",35 Mariner Terrace,M5V,2,2,
"$2,300",2908 Highway 7,L4K,2,2,800899
"$2,300",38 Lee Centre Drive,M1H,2,2,950
"$2,300",38 Lee Centre Drive,M1H,2,2,750
"$2,400",151 Village Green Square,M1S,2,2,900
"$2,200",181 Village Green Square,M1S,2,2,850
"$2,000",88 Grangeway Avenue,M1H,1,1,650
"$1,750",25 Town Centre Court,M1P,1,1,550
"$2,150",1883 McNicoll Avenue,M1V,2,2,900
"$1,999",1950 Kennedy Road,M1P,2,1,700
"$2,000",50 Town Centre Court,M1P,1,1,650
"$2,050",70 Town Centre Court,M1P,1,1,650
"$2,900",70 Town Centre Court,M1P,3,2,950
"$2,050",70 Town Centre Court,M1P,1,1,700
"$2,450",38 Lee Centre Drive,M1H,2,2,850
"$2,000",50 Town Centre Court,M1P,1,1,650
"$2,900",330 Village Green Square,M1S,4,3,1500
"$2,500",11 Lee Centre Drive,M1H,2,2,850
"$2,350",68 Corporate Drive,M1H,2,2,900
"$1,800",38 Lee Centre Drive,M1H,1,1,500
"$2,350",60 Town Centre Court,M1P,2,2,900
"$1,900",50 Town Centre Court,M1P,1,0 ½,699
"$1,850",68 Grangeway Avenue,M1H,1,1,612
"$2,300",68 Corporate Drive,M1H,2,2,850
"$2,100",60 Town Centre Court,M1P,1,1,500
"$2,800",60 Brian Harrison Way,M1P,3,2,900
"$2,880",70 Town Centre Court,M1P,3,2,950
"$1,700",125 Village Green Square,M1S,1,1,570
"$2,500",68 Corporate Drive,M1H,2,2,950
"$2,250",151 Village Green Square,M1S,2,2,850
"$2,220",75 Bamburgh Circle,M1W,2,2,1100
"$1,950",60 Town Centre Court,M1P,1,1,650
"$1,825",60 Town Centre Court,M1P,1,1,600
"$1,800",181 Village Green Square,M1S,1,1,550
"$2,250",3050 Ellesmere Road,M1E,2,2,932
"$1,950",11 Lee Centre Drive,M1H,1,1,650
"$1,795",160 Alton Towers Circle,M1V,1,1,725
"$2,500",55 Bamburgh Circle,M1W,3,2,1400
"$1,950",50 Town Centre Court,M1P,1,1,650
"$2,250",18 Lee Centre Drive,M1H,2,1,850
"$2,300",38 Lee Centre Drive,M1H,2,2,750
"$1,880",70 Town Centre Court,M1P,1,1,450
"$2,000",50 Town Centre Court,M1P,1,1,650
"$2,200",60 Town Centre Court,M1P,2,1,700
"$2,200",25 Bamburgh Circle,M1W,2,2,1100
"$2,500",70 Town Centre Court,M1P,2,2,800
"$2,300",18 Lee Centre Drive,M1H,2,2,850
"$1,950",11 Lee Centre Drive,M1H,1,1,650
"$2,450",88 Corporate Drive,M1H,2,2,1100
"$1,800",18 Lee Centre Drive,M1H,1,1,650
"$1,875",151 Village Green Square,M1S,1,1,650
"$2,000",50 Town Centre Court,M1P,1,1,650
"$2,100",50 Town Centre Court,M1P,1,1,600
"$2,800",190 Borough Drive,M1P,2,2,1200
"$1,780",70 Town Centre Court,M1P,1,1,450
"$1,875",38 Lee Centre Drive,M1H,1,1,650
"$2,400",68 Corporate Drive,M1H,2,2,950
"$1,950",38 Lee Centre Drive,M1H,1,1,
"$2,688",68 Corporate Drive,M1H,2,2,1100
"$1,950",185 Bonis Avenue,M1T,1,1,649
"$2,100",255 Village Green Square,M1S,1,2,700
"$2,400",1 Lee Centre Drive,M1H,2,2,950
"$1,900",135 Village Green Square,M1S,1,1,650
"$1,800",36 Lee Centre Drive,M1H,1,1,500
"$1,900",60 Town Centre Court,M1P,1,1,500
"$2,250",3050 Ellesmere Road,M1E,2,2,932
"$1,900",1 Lee Centre Drive,M1H,1,1,650
"$1,800",36 Lee Centre Drive,M1H,1,1,500
"$2,100",1 Lee Centre Drive,M1H,1,1,650
"$2,000",60 Town Centre Court,M1P,1,1,650
"$2,250",38 Lee Centre Drive,M1H,2,2,800
$750,36 Lee Centre Drive,M1H,1,1,
"$1,900",3560 St Clair Ave E | Unit: 418,,1,1,700
"$2,400",1 Greystone Walk Drive,M1K,2,2,1367
"$2,400",36 Lee Centre Drive,M1H,2,2,850
"$2,000",70 Town Centre Court,M1P,1,1,800
"$2,400",60 Town Centre Court,M1P,2,1,650
"$2,100",36 Lee Centre Drive,M1H,2,1,750
"$2,700",68 Corporate Drive,M1H,2,2,1100
"$1,750",135 Village Green Square,M1S,1,1,550
"$1,750",135 Village Green Square,M1S,1,1,550
"$2,250",3050 Ellesmere Road,M1E,2,2,932
"$1,900",68 Corporate Drive,M1H,1,1,650
"$2,000",70 Town Centre Court,M1P,1,1,600
"$2,000",1705 McCowan Road,M1S,2,1,1100
"$2,250",3050 Ellesmere Road,M1E,2,2,932
"$2,350",36 Lee Centre Drive,M1H,2,2,850
"$2,000",2500 Bridletowne Circle,M1W,2,1,1100
"$1,950",68 Corporate Drive,M1H,1,1,650
"$2,000",36 Lee Centre Drive,M1H,2,1,750
"$1,850",18 Lee Centre Drive,M1H,1,1,650
"$2,300",1470 Midland Avenue,M1P,2,2,1000
"$2,300",3 Greystone Walk Drive,M1K,2,2,900
"$2,300",68 Corporate Drive,M1H,2,2,850
"$1,850",151 Village Green Square,M1S,1,1,700
"$1,900",1950 Kennedy Road,M1P,2,1,1000
"$2,200",1 Lee Centre Drive,M1H,2,2,950
"$2,300",3 Greystone Walk Drive,M1K,2,2,900
"$2,400",88 Corporate Drive,M1H,2,2,1000
"$1,900",50 Town Centre Court,M1P,1,1,650
"$2,200",1 Lee Centre Drive,M1H,2,2,890
"$2,250",55 Crockamhill Dr,M1S,3,3,2050
"$2,500",11 Lee Centre Drive,M1H,2,2,850
"$1,750",18 Mondeo Drive,M1P,1,1,600
"$2,250",38 Lee Centre Drive,M1H,2,2,800
"$2,250",3050 Ellesmere Road,M1E,2,2,932
"$2,400",151 Village Green Square,M1S,2,2,900
"$2,100",70 Town Centre Court,M1P,1,1,650
"$2,100",1 Lee Centre Drive,M1H,1,1,650
"$2,150",1883 McNicoll Avenue,M1V,2,2,900
"$2,000",50 Town Centre Court,M1P,1,1,650
"$2,100",60 Town Centre Court,M1P,2,2,800
"$1,800",36 Lee Centre Drive,M1H,1,1,500
"$2,100",11 Lee Centre Drive,M1H,2,1,750
"$2,300",4101 Sheppard Avenue East,M1S,2,1 ½,1100
"$1,900",255 Village Green Square,M1S,1,1,500
"$2,700",68 Corporate Drive,M1H,2,2,1100
"$2,900",70 Town Centre Court,M1P,2,2,870
"$2,600",50 Town Centre Court,M1P,2,2,900
"$1,980",8 Mondeo Drive,M1P,1,1,650
"$1,999",50 Town Centre Court,M1P,1,1,650
"$1,750",38 Lee Centre Drive,M1H,1,1,500
"$2,500",36 Lee Centre Drive,M1H,2,2,850
"$2,650",255 Village Green Square,M1S,2,2,800
"$1,825",70 Town Centre Court,M1P,1,1,500
"$1,750",25 Town Centre Court,M1P,1,1,550
"$2,150",38 Lee Centre Drive,M1H,2,2,850
"$1,950",70 Town Centre Court,M1P,1,1,600
"$2,490",11 Lee Centre Drive,M1H,2,2,850
"$2,200",181 Village Green Square,M1S,2,2,850
"$2,100",300 Alton Towers Circle,M1V,2,2,1250
"$2,000",88 Grangeway Avenue,M1H,1,1,650
"$2,400",60 Town Centre Court,M1P,2,2,780
"$2,250",38 Lee Centre Drive,M1H,2,2,800
"$2,150",60 Town Centre Court,M1P,2,1,700
"$2,000",70 Town Centre Court,M1P,1,1,
"$1,900",50 Town Centre Court,M1P,1,1,
"$1,850",8 Lee Centre Drive,M1H,1,1,650
"$2,000",60 Town Centre Court | Unit: 703,M1P,1,1,
"$2,050",1093 Kingston Road,M1N,1,1,735
"$2,200",275 Village Green Square,M1S,2,2,728
"$2,000",38 Lee Centre Drive,M1H,2,1,650
"$2,500",88 Corporate Drive,M1H,2,2,1100
"$1,945",83 Borough Drive,M1P,1,1,650
"$1,900",255 Village Green Square,M1S,1,1,500
"$1,700",2 Glamorgan Avenue,M1P,1,1,899
"$2,100",60 Town Centre Court,M1P,2,1,700
"$1,950",11 Lee Centre Drive,M1H,1,1,650
"$2,300",38 Lee Centre Drive,M1H,2,2,950
"$1,950",38 Lee Centre Drive,M1H,1,1,650
"$2,450",1881 McNicoll Avenue,M1V,3,3,1500
"$1,900",60 Town Centre Court,M1P,1,1,650
"$2,200",22 East Haven Drive,M1N,2,2,900
"$2,450",4060 Lawrence Avenue East,M1E,3,2,1300
"$1,925",36 Lee Centre Drive,M1H,1,1,750
"$2,400",11 Lee Centre Drive,M1H,2,2,875
"$2,700",70 Town Centre Court,M1P,2,2,850
"$2,200",7895 Jane Street,L4K,2,2,650
"$2,150",3700 Highway 7,L4L,1,1,650
"$2,300",3600 Highway 7,L4L,2,2,840
"$2,650",3600 Highway 7 West,L4L,2,2,800
"$1,975",7895 Jane Street,L4K,1,2,611
"$1,950",2916 Highway 7,L4K,1,1 ½,618
"$1,990",7900 Bathurst Street,L4J,1,1,650
"$1,900",2916 Highway 7,L4K,1,0 ½,550
"$2,200",2910 Highway 7,L4K,0 - 1,0 - 1 ½,702-750
"$2,300",2908 Highway 7,L4K,2,2,800899
"$2,000",2916 Highway 7,L4K,1,1 ½,630
"$2,000",7895 Jane Street,L4K,1,2,611
"$2,200",7895 Jane Street,L4K,2,2,750
"$1,750 - $2,000",7895 Jane Street,L4K,1 - 2,1 - 2,500-800
"$2,250",7895 Jane Street,L4K,2,2,649
"$2,100",7895 Jane Street,L4K,1,2,624
"$2,250",3700 Highway 7,L4L,1,1,650
"$1,900",3700 Highway 7,L4L,1,1,650
"$1,900",2916 Highway 7,L4K,1,1 ½,618
"$2,100",3700 Highway 7,L4L,1,1,650
"$2,450",7460 Bathurst Street,L4J,2,2,1100
"$2,295",7 North Park Road,L4J,1,1,599
"$2,000",7895 Jane Street,L4K,1,2,
"$2,150",3700 Highway 7,L4L,1,1,650
"$2,150",3700 Highway 7,L4L,1,1,650
"$2,150",2908 Highway 7,L4K,2,2,800
"$2,600",2916 Highway 7,L4K,2,2,878
"$2,195",5 Buttermill Avenue,L4K,2,2,638
"$2,500",3700 Highway 7,L4L,2,2,900
"$2,350",2908 Highway 7,L4K,2,2,800899
"$1,800",832 Bay Street,M5S,1,1,
"$2,650",600 Fleet Street,M5V,2,2,
"$1,825",80 Western Battery Road,M6K,1,1,
"$1,950",70 Temperance Street,M5H,1,1,477
"$2,100",50 Charles Street East,M4Y,1,1,743
"$3,500",45 Carlton Street,M5B,2,2,
"$2,700",1 Belsize Drive,M4S,2,2,795
"$1,800",115 Blue Jays Way,M5V,1,1,
"$2,175",75 Queens Wharf Road,M5V,1,1,600
"$2,100",5 Hanna Avenue,M6K,1,1 ½,
"$1,925",460 Adelaide Street East,M5A,1,1,
"$2,100",20 Bruyeres Mews,M5V,1,1,765
"$2,800",70 Temperance Street,M5H,2,2,750
"$1,900",508 Wellington Street West,M5V,1,1,
"$2,850",435 Richmond St W,M5V,2,2,790
"$2,750",103 The Queensway,M6S,2,2,
"$2,050",251 Jarvis Street,M5B,1,1,
"$2,800",10 Capreol Court,M5V,2,2,
"$2,200",15 Queens Quay East,M5E,1,1,
"$1,900",251 Jarvis Street,M5B,2,1,515
"$1,950",460 Adelaide Street East,M5A,1,1,
"$2,200",629 King Street West,M5V,1,1,600
"$2,500",38 Grenville Street,M4Y,1,1,700
"$5,500",29 Queens Quay East,M5E,2,2,1475
"$2,100",435 Richmond Street West,M5V,1,1,
"$2,000",426 University Avenue,M5G,1,1,
"$2,200",55 Bremner Boulevard,M5J,1,1,
"$2,050",628 Fleet Street,M5V,1,1,
"$2,000",251 Jarvis Street,M5B,1,1,527
"$2,200",19 Grand Trunk Crescent,M5J,1,1,
"$3,100",801 King Street West,M5V,2,2,850
"$2,100",120 Parliament Street,M5A,1,1,565
"$2,550",188 Eglinton Avenue East,M4P,2,1,1000
"$2,150",125 Peter Street,M5V,1,1,
"$2,800",19 Grand Trunk Crescent,M5J,2,2,773
"$1,850",30 Ordnance Street,M6K,1,1,565
"$2,250",3 Navy Wharf Court,M5V,1,1,693
"$1,950",15 Lower Jarvis Street,M5E,1,1,450
"$1,900",17 Dundonald Street,M4Y,1,1,
"$2,600",375 King Street West,M5V,1,1,
"$1,900",12 York Street,M5J,1,1,
"$2,200",650 King Street West,M5V,1,1,500
"$2,100",120 Bayview Avenue,M5A,1,1,525
"$2,300",8 Eglinton Avenue East,M4P,1,2,
"$2,300",464 Adelaide St E | Unit: 502,M5A,1,1,623
"$2,100",8 Eglinton Avenue East,M4P,1,1,
"$2,700",55 Bremner Boulevard,M5J,1,1,650
"$2,050",50 Bruyeres Mews,M5V,1,1,560
"$2,200",22 Leader Ln,M5E,1,1,500
"$2,295",1121 Bay Street,M5S,1,1,
"$3,300",35 Balmuto Street,None,2,2,905
"$2,050",101 Peter Street,M5V,1,1,
"$3,300",18 Harbour Street,M5J,2,2,902
"$2,000",181 Dundas Street East,M5A,1,1,
"$1,800",115 Blue Jays Way,M5V,1,1,
"$2,900",816 Lansdowne Avenue,M6H,2,2,985
"$2,495",300 Balliol Street,M4S,1,1,600
"$2,450",125 Blue Jays Way,M5V,1,1,630
"$2,000",80 Western Battery Road,M6K,1,1,441
"$2,875",197 Yonge Street,M5B,2,2,800
"$2,500",51 Lower Simcoe Street,M5J,1,1,700
"$2,200",352 Front Street West,M5V,1,1,710
"$2,200",90 Queens Wharf Road,M5V,1,1,
"$2,200",197 Yonge Street,M5B,1,1,
"$2,250",251 Jarvis Street,M5B,2,1,572
"$2,400",16 Laidlaw Street,M6K,1,0 ½,690
"$2,795",1030 King Street West,M6K,2,2,750
"$2,200",75 Queens Wharf Road,M5V,2,1,673
"$2,700",10 Capreol Court,M5V,2,2,750
"$2,350",85 East Liberty Street,M6K,1,1,
"$3,800",761 Bay Street,M5G,2,2,
"$2,000",120 Parliament Street,M5A,1,1,
"$2,200",50 Bruyeres Mews,M5V,1,1,550
"$3,000",85 Queens Wharf Road,M5V,2,2,808
"$2,280",15 Beverley Street,M5T,1,1,730
"$1,645",50 Bruyeres Mews,M5V,1,1,475
"$1,900",120 Parliament Street,M5A,1,1,490
"$3,200",38 Cameron Street,M5T,2,2,786
"$2,899",15 Iceboat Terrace,M5V,2,2,750
"$2,000",50 Charles Street East,M4Y,1,1,
"$1,890",42 Charles Street East,M4Y,1,1,
"$1,999",70 Temperance Street,M5H,1,1,372
"$2,550",1001 Bay Street,M5S,1,1,
"$3,950",25 The Esplanade,M5E,2,2,
"$2,495",300 Balliol Street,M4S,1,1,600
"$2,199",209 Fort York Boulevard,M5V,1,1,619
"$2,100",25 Telegram Mews,M5V,1,1,
"$2,300",438 Richmond Street West,M5V,1,1,680
"$2,250",140 Simcoe Street,M5H,1,1,580
"$2,900",16 Yonge Street,M5J,2,2,
"$2,300",770 Bay Street,M5G,1,1,
"$2,250",120 Bayview Avenue,M5A,1,2,647
"$1,950",231 Fort York Boulevard,M5V,1,1,670
"$4,150",89 Dunfield Avenue,None,2,2,
"$2,890",21 Iceboat Terrace,M5V,2,2,
"$2,350",14 York Street,M5J,1,1,529
"$2,295",170 Sudbury Street,M6J,2,1,700
"$2,050",83 Redpath Avenue,M4S,1,1,562
"$2,000",2131 Yonge Street,M4S,1,1,542
"$2,550",1055 Bay Street,M5S,1,1,
"$2,300",38 Stewart Street,M5V,1,1,546
"$2,200",Hillsdale Avenue East,None,1,1,543
"$3,400",215 Queen Street West,M5V,3,1,880
"$3,500",197 Yonge Street,M5B,3,2,882
"$3,200",11 Saint Joseph Street,M4Y,1,1,700
"$2,150",197 Yonge Street,M5B,2,1,730
"$2,150",15 Queens Quay East,M5E,1,1,600
"$2,100",50 Charles Street East,M4Y,1,1,
"$2,200",18 Yorkville Avenue,M4W,1,1,
"$2,150",12 Bonnycastle Street,M5A,1,1,
"$2,200",20 Blue Jays Way,M5V,1,1,649
"$2,100",25 Telegram Mews,M5V,1,1,550
"$1,950",38 Joe Shuster Way,M6K,1,1,
"$2,550",75 East Liberty Street,M6K,1,1,640
"$2,250",38 Grenville Street,M4Y,1,1,
"$2,400",44 Saint Joseph Street,M4Y,1,1,
"$1,850",251 Jarvis Street,M5B,1,1,470
"$2,100",1 Belsize Drive,M4S,1,2,2100
"$3,300",37 Grosvenor Street,M4Y,2,2,850
"$2,500",York Street,None,1,1,599
"$2,100",75 Queens Wharf Road,M5V,1,1,500
"$2,400",12 Bonnycastle Street,M5A,1,2,
"$2,050",181 Dundas Street East,M5A,1,1,
"$2,200",88 Blue Jays Way,M5V,1,1,450
"$2,150",10 Capreol Court,M5V,1,1,
"$2,975",500 Sherbourne Street,M4X,2,2,900
"$2,600",43 Eglinton Avenue East,M4P,2,1,700
"$2,350",125 Redpath Avenue,M4S,1,2,
"$2,650",225 Davenport Rd | Unit: 418,M5R,1,1,
"$3,200",152 Saint Patrick Street,M5T,2,2,
"$1,900",560 Front Street West,M5V,1,1,
"$4,995",211 Queens Quay West,M5J,2,2,
"$2,400",110 Charles Street East,M4Y,1,1,
"$2,000",251 Jarvis Street,M5B,1,1,520
"$2,500",761 Bay Street,M5G,1,2,
"$2,900",170 Sumach Street,M5A,2,2,855
"$2,100",30 Ordnance Street,M6K,1,1,664
"$2,800",386 Yonge Street,M5G,2,1 ½,
"$2,250",251 Jarvis Street,M5B,2,1,
"$1,800",125 Redpath Avenue,M4S,1,1,
"$3,600",15 Merchants' Wharf,M5A,2,2,935
"$3,150",125 Peter Street,M5V,3,2,
"$2,450",832 Bay Street,M5S,1,1,512
"$2,400",70 Temperance Street,M5H,1,1,500
"$1,950",30 Ordnance Street,M6K,1,1,575
"$2,399",1 Bloor Street East,M4W,1,1,
"$2,750",251 Jarvis Street,M5B,2,2,
"$3,200",2191 Yonge Street,M4S,2,2,
"$2,050",410 Queens Quay West,M5V,1,1,
"$2,500",501 Saint Clair Avenue West,M5R,1,1,
"$2,500",494 Avenue Road,M4V,2,2,
"$2,150",8 Mercer Street,M5V,1,0 ½,623
"$2,399",461 Adelaide Street West,M5V,2,1,
"$2,950",232 Saint George Street,M5R,2,1,800
"$2,200",15 Queens Quay East,M5E,1,1,585
"$1,850",11 Wellesley Street West,M4Y,1,1,430
"$2,250",30 Ordnance Street,M6K,1,1,648
"$3,300",65 Bremner Boulevard,M5J,2,2,800
"$2,600",550 Queens Quay West,M5V,1,1 ½,830
"$2,000",23 Glebe Road West,M5P,1,1,568
"$2,300",231 Fort York Boulevard,M5V,1,1,630
"$2,000",161 Roehampton Avenue,M4P,1,1,580
"$2,600",Hillsdale Avenue East,None,1,2,
"$2,750",23 Glebe Road West,M5P,2,2,
"$2,900",10 Capreol Court,M5V,2,2,
"$8,900",183 Wellington Street West,M5V,2,2,1675
"$2,200",20 Blue Jays Way,M5V,1,1,600
"$2,700",14 York Street,M5J,2,2,781
"$2,700",17 Pembroke Street,M5A,2,1,850
"$3,500",20 Bruyeres Mews,M5V,2,2,910
"$2,695",10 York Street,M5J,1,1,575
"$1,900",85 Wood Street,M4Y,1,1,468
"$2,495",68 Abell Street,M6J,2,2,
"$2,000",25 Telegram Mews,M5V,1,1,500
"$2,150",8 Mercer Street,M5V,1,0 ½,623
"$2,000",125 Redpath Avenue,M4S,1,1,
"$2,500",80 Vanauley Street,M5T,2,2,765
"$3,200",1 Bloor Street East,M4W,2,2,798
"$2,350",1000 King Street West,M6K,1,1,700
"$2,900",10 Morrison Street,M5V,1,1,760
"$3,000",410 Queens Quay West,M5V,2,2,
"$2,200",21 Iceboat Terrace,M5V,1,1,590
"$3,050",170 Bayview Avenue,M5A,2,2,
"$1,800",320 Richmond Street East,M5A,1,1,
"$2,150",5 Hanna Avenue,M6K,1,2,625
"$2,000",170 Fort York Boulevard,M5V,1,1,
"$3,600",1 Bloor Street East,M4W,2,2,792
"$1,845",68 Abell Street,M6J,1,1,
"$2,250",812 Lansdowne Avenue,M6H,2,2,810
"$2,375",8 Eglinton Avenue East,M4P,2,2,692
"$2,080",85 Queens Wharf Road,M5V,1,1,590
"$2,900",28 Wellesley Street East,M4Y,2,2,693
"$1,950",120 Parliament Street,M5A,1,1,550
"$2,500",218 Queens Quay West,M5J,1,1,553
"$2,850",25 Capreol Court,M5V,2,2,
"$2,000",15 Bruyeres Mews,M5V,1,1,700
"$2,000",8 Telegram Mews,M5V,1,1,
"$7,700",825 Church Street,M4W,2,2,1319
"$3,100",100 Western Battery Road,M6K,2,2,850
"$2,200",50 Charles Street East,M4Y,1,1,
"$2,950",5 Saint Joseph Street,M4Y,1,2,700
"$2,950",170 Bayview Avenue,M5A,2,2,
"$1,900",30 Nelson Street,M5V,1,1,544
"$2,000",628 Fleet Street,M5V,1,1,
"$2,000",12 York Street,M5J,1,1,
"$2,700",500 Sherbourne Street,M4X,2,2,
"$2,600",106 Dovercourt Road,M6J,1,1,600
"$3,000",156 Portland Street,M5V,1,1,780
"$3,885",48 Saint David Street,M5A,3,3,
"$2,200",438 Richmond Street West,M5V,1,1,
"$2,300",18 Yonge Street,M5E,1,2,735
"$2,500",18 Yonge Street,M5E,1,2,750
"$2,700",55 Bremner Boulevard,M5J,1,1,650
"$2,100",365 Church Street,M5B,1,1,
"$2,450",111 Elizabeth Street,M5G,1,1,
"$2,550",111 Elizabeth Street,M5G,1,2,678
"$2,800",609 Avenue Road,M4V,2,2,636
"$2,100",20 Bruyeres Mews,M5V,1,1,
"$3,050",25 Oxley Street,M5V,2,2,
"$2,550",21 Widmer Street,M5V,1,1,600
"$2,600",1 Market Street,M5E,2,1,800
"$2,200",11 Wellesley Street West,M4Y,1,1,
"$3,985",1990 Bloor Street West,M8X,2,2,
"$2,200",410 Queens Quay West,M5V,1,1,
"$2,350",501 Saint Clair Avenue West,M5R,1,2,649
"$2,100",101 Peter Street,M5V,1,1,
"$2,350",7 Grenville Street,M4Y,1,2,
"$2,150",209 Fort York Boulevard,M5V,1,1,650
"$2,250",100 Harbour Street,M5J,1,1,
"$1,850",200 Dundas Street East,M5A,1,1,480
"$2,200 - $2,300",77 Shuter Street,M5B,1,1 ½,550-650
"$2,600",525 Adelaide Street West,M5V,2,2,765
"$2,050",15 Grenville Street,M4Y,1,1,
"$1,830",115 Blue Jays Way,M5V,1,1,499
"$2,000",140 Simcoe Street,M5H,1,0 ½,700
"$2,100",251 Jarvis Street,M5B,2,1,650
"$2,300",1 King Street West,M5C,1,1,
"$2,680",100 Harbour Street,M5J,2,2,
"$4,900",151 Avenue Road,M5R,2,3,1244
"$2,200",110 Charles Street East,M4Y,1,1,584
"$1,995",150 Sudbury Street,M6J,1,1,665
"$3,200",510 King Street East,M5A,2,2,
"$2,000",1 Shaw Street,M6K,1,1,
"$1,899",1030 King Street West,M6K,1,1,565
"$2,580",300 Front Street West,M5V,1,1,
"$2,000",8 Eglinton Avenue East,M4P,1,1,
"$1,895",111 Bathurst Street,M5V,1,1,
"$1,895",111 Bathurst Street,M5V,1,1,525
"$2,850",12 Yonge Street,M5E,2,2,
"$2,380",17 Dundonald Street,M4Y,1,1,700
"$2,050",560 Front Street West,M5V,1,1,560
"$2,180",3 Navy Wharf Court,M5V,1,1,
"$3,000",12 Yonge Street,M5E,2,2,
"$2,200",170 Sumach Street,M5A,1,1,615
"$2,000",251 Jarvis Street,M5B,1,1,
"$2,850",251 Jarvis Street,M5B,2,2,750
"$1,850",251 Jarvis Street,M5B,1,1,
"$2,250",832 Bay Street,M5S,1,1,
"$2,150",501 Adelaide Street West,M5V,1,1,
"$2,795",609 Avenue Road,M4V,2,2,635
"$2,500",120 Homewood Avenue,M4Y,1,1,600
"$2,450",21 Iceboat Terrace,M5V,1,1,
"$2,100",161 Roehampton Avenue,M4P,1,1,
"$2,000",115 Blue Jays Way,M5V,1,1,
"$2,380",168 Simcoe Street,M5H,1,1,
"$3,100",8 The Esplanade,M5E,2,2,
"$1,800",80 Saint Patrick Street,M5T,1,1,
"$2,200",181 Dundas Street East,M5A,2,1,
"$1,750 - $2,050",38 Cameron Street,M5T,1,1 - 1 ½,521-654
"$2,000",185 Roehampton Avenue,M4P,1,1,
"$2,750",120 Bayview Avenue,M5A,2,2,1040
"$3,375",25 Broadway Ave,M4P,2,2,1197
"$1,895 - $3,875",1 Edgewater Drive,M5A,1 - 2,1 - 2 ½,466-1119
"$2,850",12 York Street,M5J,2,2,
"$2,150",251 Jarvis Street,M5B,1,1,
"$2,600",88 Blue Jays Way,M5V,1,1,
"$3,200",18 Yonge Street,M5E,2,2,
"$2,650",1410 Dupont Street,M6H,2,2,935
"$2,100",1 Cole Street,M5A,1,2,767
"$2,140",15 Fort York Boulevard,M5V,1,1,550
"$3,300",1 Bloor Street East,M4W,2,2,
"$1,900",155 Yorkville Avenue,M5R,1,1,430
"$1,800",494 Avenue Road,M4V,1,1,
"$1,100",81 Navy Wharf Court,M5V,1,1,500
"$1,800",251 Jarvis Street,M5B,1,1,
"$1,850",909 Bay Street,M5S,1,1,500
"$2,000",170 Bayview Avenue,M5A,1,1,527
"$1,950",101 Peter Street,M5V,1,1,
"$2,695",60 Colborne Street,M5E,1,2,
"$2,650",1410 Dupont Street,M6H,2,2,871
"$2,100",386 Yonge Street,M5G,1,1,
"$1,900",4 Spadina Avenue,M5V,1,1,585
"$2,450",375 King Street West,M5V,1,1,717
"$2,000",1030 King Street West,M6K,1,1,495
"$2,450",27 Bathurst Street,M5V,1,2,
"$2,250",28 Ted Rogers Way,M4Y,1,1,
"$2,650",151 Dan Leckie Way,M5V,2,2,
"$2,000",75 Queens Wharf Road,M5V,1,1,
"$2,050",75 Queens Wharf Road,M5V,1,1,
"$2,380",16 Bonnycastle Street,M5A,1,1,644
"$2,995",25 Carlton Street,M5B,2,2,890
"$2,880",151 Dan Leckie Way,M5V,2,2,
"$2,000",576 Front Street West,M5V,1,1,521
"$2,700",125 Peter Street,M5V,2,1,680
"$2,300",75 Queens Wharf Road,M5V,1,1,
"$2,100",11 Wellesley Street West,M4Y,1,1,
"$2,400",36 Lisgar Street,M6J,2,2,560
"$2,230",85 East Liberty Street,M6K,1,1,600
"$2,550",88 Broadway Avenue,M4P,2,2,
"$3,499",95 Prince Arthur Avenue,M5R,2,2,
"$3,100",11 Wellesley Street West,M4Y,2,2,725
"$3,500",386 Yonge Street,M5G,2,2,
"$1,950",3 Navy Wharf Court,M5V,1,1,620
"$2,000",386 Yonge Street,M5G,1,1,
"$3,500",197 Yonge Street,M5B,3,2,882
"$1,899",115 Blue Jays Way,M5V,1,1,456
"$2,980",60 Berwick Avenue,M5P,2,2,
"$1,995",167 Bleecker Street,M4X,1,1,700
"$2,050",5 Saint Joseph Street,M4Y,1,1,
"$2,900",400 Adelaide Street East,M5A,2,2,
"$2,500",14 York Street,M5J,1,1,
"$2,250",1410 Dupont Street,M6H,1,1,
"$2,450",15 Queens Quay East,M5E,1,2,
"$2,200",210 Victoria Street,M5B,1,1,
"$1,400",10 Capreol Court,M5V,2,2,800
"$1,850",410 Queens Quay West,M5V,1,1,600
"$1,980",629 King Street West,M5V,1,1,
"$1,800",251 Jarvis Street,M5B,1,1,
"$1,995",25 The Esplanade,M5E,1,1,665
"$2,500",761 Bay Street,M5G,1,2,
"$2,600",637 Lake Shore Boulevard West,M5V,1,1,
"$1,950",25 Telegram Mews,M5V,1,1,
"$2,550",170 Sudbury Street,M6J,2,1,
"$2,595",42 Charles Street East,M4Y,2,1,
"$1,900",15 Grenville Street,M4Y,1,1,500
"$2,900",403 Church Street,M5B,2,2,
"$8,495",993 Queen St W,M6J,1,2,1500
"$2,200",20 Blue Jays Way,M5V,1,1,
"$3,350",8 Mercer Street,M5V,2,2,
"$3,000",30 Nelson Street,M5V,2,2,
"$2,250",120 Bayview Avenue,M5A,1,2,647
"$1,575",135 Rose Avenue,M4X,1,1,500
"$2,195",115 Blue Jays Way,M5V,1,1,560
"$3,200",386 Yonge Street,M5G,2,2,820
"$2,450",1990 Bloor Street West,M8X,1,1,
"$2,790",8 York Street,M5J,2,1,
"$2,100",101 Erskine Avenue,M4P,1,1 ½,600
"$1,950",386 Yonge Street,M5G,1,1,532
"$1,500",215 Queen Street West,M5V,1,1,742
"$2,400",7 Grenville Street,M4Y,1,1,518
"$2,400",70 Temperance Street,M5H,1,1,575
"$2,400",50 Wellesley Street East,M4Y,1,1,600
"$1,950",77 Shuter Street,M5B,1,2,554
"$2,000",88 Harbour Street,M5J,1,1,599
"$3,450",3 Navy Wharf Court,M5V,2,2,1200
"$1,950 - $2,850",16 Yonge Street,M5E,1 - 2,1 - 2,478-815
"$2,000",761 Bay Street,M5G,1,1,
"$2,650",18 Yorkville Avenue,M4W,1,1,600
"$1,775 - $3,425",570 Bay St,M5G,0 - 3,1,
"$2,100",87 Peter Street,M5V,1,1,
"$1,100",81 Navy Wharf Court,M5V,1,1,500
"$2,500",25 The Esplanade,M5E,1,1,980
"$2,590",161 Roehampton Avenue,M4P,2,2,
"$3,300",57 Saint Joseph Street,M5S,2,2,
"$2,200",210 Victoria Street,M5B,1,1,550
"$2,500",8 The Esplanade,M5E,1,1,625
"$2,500",1 Belsize Drive,M4S,1,1,560
"$3,000",51 Lower Simcoe Street,M5J,2,2,850
"$1,900",85 Queens Wharf Road,M5V,1,1,
"$4,100",126 Simcoe Street,M5H,3,2,1036
"$2,000",120 Bayview Avenue,M5A,1,1,500
"$2,000",25 Ritchie Avenue,M6R,1,1,
"$2,150",628 Fleet Street,M5V,1,1,
"$1,900",8 Eglinton Avenue East,M4P,1,1,466
"$2,100",461 Adelaide Street West,M5V,1,1,
"$2,350",825 Church Street,M4W,1,1,700
"$2,100",170 Bayview Avenue,M5A,1,1,650
"$1,880",49 McKenzie Avenue,M4W,1,1,500
"$2,450",70 Temperance Street,M5H,1,1,575
"$3,500",101 Peter Street,M5V,2,2,750
"$2,400",161 Roehampton Avenue,M4P,2,2,
"$1,995 - $2,295",352 Front Street West,M5V,1,1,570
"$2,400",75 East Liberty Street,M6K,1,1,
"$3,500",400 Wellington Street West,M5J,2,2,1085
"$2,000",3 Navy Wharf Court,M5V,1,1,724
"$1,950",181 Dundas Street East,M5A,1,1,
"$2,050",763 Bay Street,M5G,1,1,
"$3,600",224 King Street West,M5H,2,2,900
"$1,975",8 Eglinton Avenue East,M4P,1,1,
"$2,000",35 Bastion Street,M5V,1,1,550
"$2,300",58 Sherwood Ave | Unit: 6,M4P,2,1,780
"$2,400",200 Sackville Street,M5A,1,1,650
"$1,850",8 York Street,M5J,1,1,560
"$3,900",550 Queens Quay West,M5V,2,2,1200
"$1,900",30 Ordnance Street,M6K,1,1,496
"$1,900",70 Queens Wharf Road,M5V,1,1,505
"$2,000",55 Bremner Boulevard,M5J,1,1,600
"$3,300",19 Grand Trunk Crescent,M5J,2,2,
"$2,000",85 Queens Wharf Road,M5V,1,1,480
"$4,100",88 Harbour Street,M5J,3,2,
"$1,995 - $2,195",14 York Street,M5J,1,1,530
"$2,900",36 Charlotte Street,M5V,1,2,906
"$2,300",35 Mariner Terrace,M5V,1,1,700
"$1,850",251 Jarvis Street,M5B,1,1,
"$2,900",7 Grenville Street,M4Y,2,2,
"$2,200",88 Cumberland Street,M5R,1,1,
"$1,975",560 King Street West,M5V,1,1,485
"$1,950",101 Peter Street,M5V,1,1,500
"$2,800",115 Blue Jays Way,M5V,2,2,828
"$2,950",111 Saint Clair Avenue West,M4V,2,2,
"$2,800",60 Colborne Street,M5E,1,1,755
"$2,650",10 Yonge Street,M5E,1,1,750
"$2,250",21 Widmer Street,M5V,1,1,700
"$1,725",115 Blue Jays Way,M5V,1,1,472
"$2,150",7 Grenville Street,M4Y,1,1,517
"$4,250",32 Davenport Rd,M5R,2,2,950
"$2,100",150 Sudbury St | Unit: 1602,M6J,1,1,700
"$2,900",7 Grenville Street,M4Y,2,2,1110
"$2,800",15 Iceboat Terrace,M5V,2,2,
"$2,500",35 Mariner Terrace | Unit: Suite 4702,M5V,1,1,700
"$2,100",210 Simcoe Street,M5T,1,1,
"$2,000",251 Jarvis Street,M5B,1,1,
"$2,600",55 Centre Avenue,M5G,2,0,800
"$2,150",103 West Lodge Avenue,M6K,1,1,600
"$2,500",525 Adelaide Street West,M5V,1,2,
"$2,500",525 Adelaide Street West,M5V,1,2,655
"$1,900",318 Richmond Street West,M5V,1,1,500
"$2,300",253 Merton Street,M4S,1,1,
"$1,890",161 Roehampton Avenue,M4P,1,1,
"$2,000",188 Cumberland Street,M5R,1,1,
"$2,500",478 King Street West,M5V,1,1 ½,
"$2,050",25 Telegram Mews,M5V,1,1,590
"$2,100",5 Saint Joseph Street,M4Y,1,1,
"$1,995",208 Queens Quay West,M5J,1,1,553
"$2,300",373 Front Street West,M5V,1,1,
"$1,900",8 Hillsdale Avenue East,M4S,1,1,558
"$3,400",825 Church Street,M4W,2,2,
"$2,600",38 Grenville Street,M4Y,1,1,
"$2,000",Stewart Street,M5V,1,1,420
"$2,100",25 Telegram Mews,M5V,1,1,
"$3,250",38 Grenville Street,M4Y,2,2,
"$2,100",55 Merchants' Wharf,M5A,1,1,576
"$2,950",55 Bremner Boulevard,M5J,1,0 ½,600
"$1,950",51 East Liberty Street,M6K,1,1 ½,570
"$1,970",197 Yonge St,M5B,1,1,400
"$2,700",1080 Bay Street,M5S,1,1,675
"$1,850",115 Blue Jays Way,M5V,1,1,
"$2,100",15 Iceboat Terrace,M5V,1,1,650
"$2,600",125 Peter Street,M5V,2,1,
"$2,200",87 Peter St,M5V,1,1,520
"$2,250",352 Front Street West,M5V,1,1,660
"$2,300",215 Fort York Boulevard,M5V,1,1,
"$2,950",75 Queens Wharf Road,M5V,2,2,938
"$1,950",11 Wellesley Street West,M4Y,1,1,
"$2,099",88 Charles Street East,M4Y,1,1,600
"$2,500",16 Bonnycastle Street,M5A,1,2,
"$3,150",386 Yonge Street,M5G,2,2,
"$2,350",85 Queens Wharf Road,M5V,1,1,
"$2,400",801 Bay Street,M5S,1,1,650
"$2,150",25 Carlton Street,M5B,1,1,
"$2,487",23 Brant Street,M5V,1,1,675
"$1,999",36 Western Battery Road,M6K,1,1,550
"$2,500",383 Sorauren Avenue,M6R,1,1,690
"$2,600",460 Adelaide Street East,M5A,2,2,
"$2,700",330 Adelaide Street East,M5A,2,2,900
"$2,550",43 Eglinton Avenue East,M4P,2,1,700
"$2,650",75 East Liberty Street,M6K,2,2,
"$2,850",300 Front Street West,M5V,2,2,900
"$2,100",7 Broadway Avenue,M4P,1,1,
"$1,790",1 Belsize Drive,M4S,1,1,425
"$1,850",77 Shuter Street,M5B,1,1,515
"$2,350",197 Yonge Street,M5B,1,1,645
"$1,950",Edgewater Drive,M5A,1,1,500
"$2,850",25 Telegram Mews,M5V,2,2,933
"$1,950",181 Dundas Street East,M5A,1,1,
"$2,200",78 Tecumseth Street,M5V,1,1,
"$3,800",200 Bloor Street West,M5S,2,2,950
"$2,150",220 Victoria Street,M5B,1,1,
"$2,000",105 Victoria Street,M5C,1,1,
"$2,350",168 Simcoe Street,M5H,1,1,765
"$2,080",295 Adelaide Street West,M5V,2,1,700
"$1,000",125 Redpath Avenue,M4S,1,1,300
"$2,250",125 Redpath Avenue,M4S,1,1,
"$2,250",460 Adelaide Street East,M5A,1,1,677
"$3,000",125 Blue Jays Way,M5V,2,2,800-866
"$2,125",1 The Esplanade,M5E,1,1,550
"$2,600",1080 Bay Street,M5S,1,1,
"$2,500",478 King Street West,M5V,1,1,700
"$2,200",33 Mill Street,M5A,1,1,568
"$3,200",438 King Street West,M5V,2,2,
"$1,850",89 Dunfield Avenue,None,1,1,
"$2,250",Baseball Place,M4M,2,2,760
"$2,350",5 Hanna Avenue,M6K,1,1 ½,650
"$2,400",42 Charles Street East,M4Y,1,1,722
"$2,275",155 Yorkville Avenue,M5R,1,0 ½,800
"$2,150",20 Bruyeres Mews,M5V,1,1,
"$2,000",11 Charlotte Street,M5V,1,1,525
"$2,250",15 Fort York Boulevard,M5V,1,1,587
"$2,900",85 Wood Street,M4Y,2,2,775
"$1,995",88 Blue Jays Way,M5V,1,1,575
"$2,100",8 Mercer Street,M5V,1,0 ½,623
"$1,780",169 Fort York Boulevard,M5V,1,1,525
"$2,200",151 Dan Leckie Way,M5V,1,1,
"$1,725",105 The Queensway,M6S,1,1,463
"$2,900",199 Richmond Street West,M5V,2,2,
"$2,100",30 Ordnance Street,M6K,1,1,
"$2,900",101 Charles Street East,M4Y,2,2,
"$1,790",51 East Liberty Street,M6K,1,1,525
"$2,400",290 Adelaide St W,M5V,1,1,
"$2,550",208 Queens Quay West,M5J,1,2,765
"$2,000",33 Bay Street,M5J,1,1,593
"$2,750",80 Queens Wharf Road,M5V,2,2,836
"$2,000",25 Capreol Court,M5V,1,1,
"$2,200",33 Bay Street,M5J,1,1,
"$2,100",220 Victoria Street,M5B,1,2,770
"$1,950",120 Parliament Street,M5A,1,1,
"$2,200",88 Scott Street,M5E,1,1,600
"$2,200",899 Queen Street East,M4M,1,1,680
"$3,100",1733 Queen Street East,M4L,2,2,1100
"$3,300",215 Fort York Boulevard,M5V,2,2,
"$1,925",181 Dundas Street East,M5A,1,1,
"$1,850",181 Dundas Street East,M5A,1,1,
"$2,500",250 Queens Quay West,M5J,2,1,
"$2,050",11 Wellesley Street West,M4Y,1,1,446
"$2,150 - $2,950",20 Blue Jays Way,M5V,1 - 2,1 - 2 ½,700-920
"$2,085",320 Richmond Street East,M5A,1,1,
"$2,499",19 Grand Trunk Crescent,M5J,2,2,773
"$2,700",525 Adelaide Street West,M5V,1,2,
"$3,750",88 Cumberland Street,M5R,2,2,1000
"$2,700",16 Bonnycastle Street,M5A,1,1,675
"$1,995",161 Roehampton Avenue,M4P,1,1,574
"$1,850",955 Bay Street,M5S,1,1,370
"$2,300",270 Wellington Street West,M5V,1,1,700
"$2,500",30 Roehampton Avenue,M4P,1,1,
"$2,250",942 Yonge Street,M4W,1,1,
"$2,100",255 Richmond Street East,M5A,1,1,600
"$1,950",1 Belsize Drive,M4S,1,1,540
"$1,950",55 East Liberty Street,M6K,1,1,
"$3,125",8 The Esplanade,M5E,2,2,800
"$2,700",14 York Street,M5J,2,2,
"$2,100",1910 Lake Shore Boulevard West,M6S,1,0 ½,685
"$2,650",8 The Esplanade,M5E,1,1,637
"$2,080",1080 Bay Street,M5S,1,1,
"$1,900",80 Charles Street East,M4Y,1,1,
"$2,400",75 East Liberty Street,M6K,1,2,
"$1,890",1121 Bay Street,M5S,1,1,
"$2,500",85 Wood Street,M4Y,2,1,
"$2,100",38 Ordnance Street,M6K,1,1,600
"$1,950",83 Redpath Avenue,M4S,1,1,505
"$2,250",28 Linden Street,M4Y,1,1,570
"$3,100",21 Carlton Street,M5B,2,2,
"$1,950",115 Blue Jays Way,M5V,1,1,521
"$1,995",426 University Avenue,M5G,1,1,
"$2,250",508 Wellington Street West,M5V,1,1,
"$3,500",410 Queens Quay West,M5V,2,2,1200
"$1,850",403 Church Street,M5B,1,1,
"$2,000",2181 Yonge Street,M4S,1,1,580
"$3,300",65 Southport St,M6S,3,1 ½,1200
"$2,500",105 George Street,M5A,1,1,
"$2,250",120 Parliament Street,M5A,2,1,590
"$2,400",320 Richmond Street East,M5A,1,1,
"$2,150",87 Peter Street,M5V,1,1,
"$1,850",165 Legion Rd N,M8Y,1,1,525
"$2,495",10 Queens Quay West,M5J,1,1 ½,940
"$1,975",955 Bay Street,M5S,1,1,
"$2,195 - $2,995",120 Homewood Ave,M4Y,1 - 2,1 - 2,642-868
"$1,950",125 Redpath Avenue,M4S,1,2,
"$2,150",251 Jarvis Street,M5B,2,1,
"$3,700",20 Scrivener Square,M4W,1,2,850
"$1,850",508 Wellington Street West,M5V,1,1,
"$2,300",152 Saint Patrick Street,M5T,1,1,
"$3,200",400 Wellington Street West,M5J,2,2,840
"$2,250",58 Orchard View Boulevard,M4R,1,1,600
"$2,100",25 Carlton Street,M5B,1,1,625
"$1,850",120 Parliament Street,M5A,1,1,490
"$2,400",350 Wellington Street West,M5V,1,1,650
"$2,500",90 Stadium Road,M5V,1,1,700
"$2,300",20 Tubman Avenue,M5A,1,1,621
"$2,950",8 The Esplanade,M5E,1,2,800
"$2,500",8 The Esplanade,M5E,1,1,640
"$2,100",77 Shuter Street,M5B,1,1,552
"$2,600",15 Iceboat Terrace,M5V,2,2,
"$2,300",1420 Dupont Street,M6H,2,1,600
"$2,800",150 East Liberty Street,M6K,1,2,
"$2,880",386 Yonge Street,M5G,2,2,
"$2,300",38 Elm Street,M5G,1,1,756
"$2,150",125 Blue Jays Way,M5V,1,1,608
"$3,300",20 Tubman Avenue,M5A,3,2,
"$1,995",440 Richmond Street West,M5V,1,1,630
"$2,700",89 McGill Street,M5B,2,2,800
"$3,900",60 Colborne Street,M5E,2,2,
"$1,900",270 Wellington Street West,M5V,1,1,
"$3,300",11 Wellesley Street West,M4Y,2,2,
"$2,950",8 Wellesley Street East,M4Y,2,2,
"$3,200",628 Fleet Street,M5V,2,2,981
"$6,000",65 Bremner Boulevard,M5J,3,2,900
"$2,350",22 Leader Lane,M5E,1,1,475
"$1,800",576 Front Street West,M5V,1,1,495
"$3,050",50 Wellesley Street East,M4Y,2,2,
"$2,300",200 Bloor Street West,M5S,1,1,560
"$1,400",215 Queen Street West,M5V,1,1,750
"$2,300",637 Lake Shore Boulevard West,M5V,1,1,688
"$2,000",388 Bloor Street East,M4W,1,1,
"$2,450",2131 Yonge Street,M4S,2,2,
"$1,995",150 East Liberty Street,M6K,1,1,
"$3,100",112 George Street,M5A,2,2,1100
"$1,900",75 East Liberty Street,M6K,1,1,525
"$2,200",170 Fort York Boulevard,M5V,1,1,499
"$1,850",181 Dundas Street East,M5A,1,1,
"$2,075",10 York Street,M5J,1,1,586
"$1,775",125 Blue Jays Way,M5V,1,1,504
"$3,600",35 Mariner Terrace,M5V,2,2,
"$2,900",209 Fort York Boulevard,M5V,2,2,1050
"$2,700",215 Fort York Boulevard,M5V,2,2,
"$1,850",68 Abell Street,M6J,1,1,
"$2,050",161 Roehampton Avenue,M4P,1,1,
"$2,000",560 Front Street West,M5V,1,1,550
"$1,525 - $2,450",322 Eglinton Ave E,M4P,0 - 2,1,462-912
"$2,580",763 Bay Street,M5G,1,1,
"$3,000",761 Bay Street,M5G,2,2,950
"$2,750",103 The Queensway,M6S,2,2,
"$2,100",150 East Liberty Street,M6K,1,1,
"$1,750 - $4,450",101 Erskine Avenue,M4P,0 - 3,1 - 2 ½,435-1708
"$2,286",37 Sudbury Street,M6J,2,1,800
"$2,100",75 Queens Wharf Road,M5V,1,1,
"$2,100",25 Capreol Court,M5V,1,1,
"$2,300",361 Front Street West,M5V,1,1,
"$1,875",98 Lillian Street,M4S,1,1,
"$1,895 - $4,295",10 York Street,M5J,1 - 3,1 - 2 ½,575-1305
"$3,000",825 Church Street,M4W,2,2,777
"$1,950",120 Parliament Street,M5A,1,1,
"$3,400",33 Bay Street,M5J,2,2,
"$2,775",55 Bremner Boulevard,M5J,1,0 ½,600
"$3,200",21 Balmuto Street,M4Y,2,2,
"$1,900",629 King Street West,M5V,1,1,
"$2,800",50 Charles Street East,M4Y,2,1,
"$2,400",21 Widmer Street,M5V,1,1,770
"$1,900",68 Abell Street,M6J,1,1,
"$2,000",200 Dundas Street East,M5A,1,1,530
"$2,995",36 Howard Park Avenue,M6R,1,1 ½,650
"$2,100",85 Wood Street,M4Y,1,1,
"$2,000",955 Bay Street,M5S,1,1,577
"$2,100",170 Bayview Avenue,M5A,1,1,527
"$2,700",70 Temperance Street,M5H,2,2,
"$1,850",120 Parliament Street,M5A,1,1,550
"$3,000",45 Charles Street East,M4Y,2,2,
"$2,200",320 Richmond Street East,M5A,1,1,540
"$2,500",576 Front Street West,M5V,1,2,
"$2,100",85 Wood Street,M4Y,1,1,
"$2,600",11 Wellesley Street West,M4Y,2,2,
"$3,250",218 Queens Quay West,M5J,2,2,840
"$2,999",25 Capreol Court,M5V,2,2,900
"$1,999",25 The Esplanade,M5E,1,1,650
"$2,000",12 York Street,M5J,1,1,
"$2,000",38 Stewart Street,M5V,1,1,
"$3,850",80 John Street,M5V,2,2,1151
"$4,900",251 Queens Quay West,M5J,2,2,
"$2,540",801 King Street West,M5V,1,1,650
"$2,300",8 Charlotte Street,M5V,1,1,675
"$2,200",70 Roehampton Avenue,M4R,1,1,
"$2,800",17 Dundonald Street,M4Y,2,2,
"$4,465",Edgewater Drive,M5A,3,3,1399
"$2,600",Hillsdale Avenue East,None,2,2,600
"$1,950",426 University Avenue,M5G,1,1,
"$1,100",81 Navy Wharf Court,M5V,1,1,500
"$2,940",25 Telegram Mews,M5V,2,2,
"$2,000",10 Capreol Court,M5V,1,1,
"$2,050",11 Wellesley Street West,M4Y,1,1,489
"$1,800",77 Shuter Street,M5B,1,1,380
"$2,300",1 The Esplanade,M5E,1,1,700
"$1,850",251 Jarvis Street,M5B,1,1,527
"$2,100",295 Adelaide Street West,M5V,1,1,
"$3,200",32 Davenport Road,M5R,2,2,856
"$2,450",295 Adelaide Street West,M5V,1,1,
"$2,700",125 Peter Street,M5V,2,1,655
"$1,900",115 Richmond Street East,M5C,1,1,
"$2,700",55 Bremner Boulevard,M5J,1,1,600
"$2,350",185 Roehampton Avenue,M4P,1,1,630
"$2,350",111 Saint Clair Avenue West,M4V,1,1,650
"$2,700",25 Cole Street,M5A,2,2,
"$1,750",36 Lisgar Street,M6J,1,1,450
"$1,999",200 Dundas Street East,M5A,1,1,
"$1,799 - $2,395",251 Jarvis Street,M5B,1 - 2,1 - 2,521-758
"$1,900",352 Front Street West,M5V,1,1,
"$2,000",14 York Street,M5J,1,1,529
"$2,850",80 Queens Wharf Road,M5V,2,2,736
"$2,100",373 Front Street West,M5V,1,1,
"$1,950",426 University Avenue,M5G,1,1,
"$2,150",120 Homewood Avenue,M4Y,1,1,
"$2,100",25 Lower Simcoe Street,M5J,1,1,550
"$2,500",12 Bonnycastle Street,M5A,1,2,
"$3,300",15 Fort York Boulevard,M5V,2,2,1073
"$2,800",955 Bay Street,M5S,2,2,
"$2,850",50 Wellesley Street East,M4Y,1,1,
"$1,950",101 Peter Street,M5V,1,1,499
"$2,600",5 Soudan Avenue,M4S,2,2,
"$2,200",25 Telegram Mews,M5V,1,1,
"$4,000",199 Richmond Street West,M5V,2,2,
"$2,300",197 Yonge St,M5B,1,1,643
"$2,800",85 Queens Wharf Road,M5V,2,2,
"$2,250",525 Adelaide Street West,M5V,1,1,
"$3,600",170 Avenue Road,M5R,2,2,
"$2,300",381 Front Street West,M5V,1,1,678
"$2,500",1901 Yonge Street,M4S,2,2,
"$1,975",50 Bruyeres Mews,M5V,1,1,515
"$2,100",251 Jarvis Street,M5B,1,1,
"$2,500",14 York Street,M5J,2,1,
"$1,950",355 Church St,M5B,1,1,435
"$4,300",88 Harbour Street,M5J,3,2,
"$2,900",19 River Street,M5A,2,2,
"$2,050",763 Bay Street,M5G,1,1,600
"$1,900",70 Queens Wharf Road,M5V,1,1,590
"$2,200",1 The Esplanade,M5E,1,1,550
"$2,450",19 Grand Trunk Crescent,M5J,1,1,650
"$6,000",99 Harbour Square,M5J,2,1 ½,1154
"$2,000",44 Saint Joseph Street,M4Y,1,1,
"$2,580",15 Queens Quay East,M5E,2,1,685
"$2,200",30 Nelson Street,M5V,1,1,599
"$2,350",209 Fort York Boulevard,M5V,1,1,500
"$2,200",125 Redpath Avenue,M4S,1,2,
"$2,000",425 University Avenue,M5G,1,1,
"$3,900",9 Boardwalk Drive,M4L,2,2,
"$3,100",88 Scott Street,M5E,2,2,
"$1,698",159 Dundas Street East,M5B,1,1,560
"$2,100",270 Wellington Street West,M5V,1,1,750
"$2,200",215 Fort York Boulevard,M5V,1,1,692
"$1,950",58 Orchard View Boulevard,M4R,1,1,
"$2,500",125 Redpath Avenue,M4S,1,2,
"$1,930",115 Blue Jays Way,M5V,1,1,521
"$3,000",101 Charles Street East,M4Y,2,2,950
"$2,300",10 York Street,M5J,1,1,625
"$2,500",80 John Street,M5V,1,1,
"$1,700",88 Harbour Street,M5J,1,1,350
"$3,995",246 Logan Avenue,M4M,2,2,1000
"$1,900",12 York Street,M5J,1,1,
"$2,350",51 East Liberty Street,M6K,1,2,680
"$2,800",5 Hanna Avenue,M6K,1,2,890
"$2,250",89 Dunfield Avenue,None,1,1,660
"$3,000",19 Grand Trunk Crescent,M5J,2,2,
"$2,100",50 Charles Street East,M4Y,1,1,
"$2,500",2131 Yonge Street,M4S,2,2,
"$2,800",21 Carlton Street,M5B,2,2,
"$2,200",209 Fort York Boulevard,M5V,1,1,
"$2,000",125 Redpath Avenue,M4S,1,2,600
"$3,500",77 Harbour Square,M5J,2,2,1220
"$2,450",10 York Street,M5J,1,1,580
"$2,370",30 Roehampton Avenue,M4P,1,1,654
"$2,850",14 York Street,M5J,2,2,
"$2,890",251 Jarvis Street,M5B,3,1,880
"$2,100",11 Wellesley Street West,M4Y,1,1,560
"$1,800",58 Orchard View Boulevard,M4R,1,1,
"$1,800",Queens Quay West,None,1,1,800
"$1,950",10 York Street,M5J,1,1,582
"$3,600",7 Carlton Street,M5B,2,2,1000
"$1,850 - $3,195",89 McGill Street,M5B,0 - 3,1 - 2,427-832
"$2,600",55 Regent Park Boulevard,M5A,2,2,900
"$1,925",159 Dundas Street East,M5B,1,1,
"$1,850",181 Dundas Street East,M5A,1,1,
"$1,920",705 King Street West,M5V,1,1,533
"$2,600",318 Richmond Street West,M5V,2,2,791
"$2,000",159 Dundas Street East,M5B,1,1,
"$2,500",70 Alexander Street,M4Y,1,2,780
"$2,750",80 Queens Wharf Road,M5V,2,2,736
"$1,950",763 Bay Street,M5G,1,1,
"$1,950",120 Parliament Street,M5A,1,1,490
"$2,200",19 Grand Trunk Crescent,M5J,1,1,
"$2,100",14 York Street,M5J,1,1,529
"$2,400",783 Bathurst Street,M5S,1,1,700
"$2,395",33 Mill Street,M5A,1,1,
"$2,000",50 Bruyeres Mews,M5V,1,1,
"$1,900",44 Gerrard Street West,M5G,1,1,629
"$1,895",251 Jarvis Street,M5B,1,1,562
"$2,650",181 Dundas Street East,M5A,2,1,
"$2,150",181 Dundas Street East,M5A,1,1,
"$1,400",10 Capreol Court,M5V,2,2 ½,800
"$3,000",101 Charles Street East,M4Y,2,2,
"$2,700",4 Spadina Avenue,M5V,2,2,
"$2,950",8 Mercer Street,M5V,2,1 ½,750
"$2,600",85 Bloor Street East,M4W,1,1,
"$2,150",14 York Street,M5J,1,1,514
"$2,700",386 Yonge Street,M5G,2,2,
"$2,200",251 Jarvis Street,M5B,2,1,539
"$2,180",89 Dunfield Avenue,None,1,1,598
"$2,900",15 Grenville Street,M4Y,2,2,
"$2,250",629 King Street West,M5V,1,1,
"$2,000",365 Church Street,M5B,1,1,
"$2,199",352 Front Street West,M5V,1,1,500
"$2,900",320 Richmond Street East,M5A,2,2,800
"$2,450",38 The Esplanade,M5E,2,1,670
"$1,950",4 Spadina Avenue,M5V,1,1,557
"$1,925",101 Erskine Avenue,M4P,1,1,592
"$2,050",560 King Street West,M5V,1,1,470
"$1,950",3 Market Street,M5E,1,1,
"$2,250",25 Telegram Mews,M5V,1,1,
"$2,900",5 Saint Joseph Street,M4Y,1,2,
"$2,300",36 Lisgar Street,M6J,2,1,610
"$3,100",12 Yonge Street,M5E,2,2,
"$2,130",10 York Street,M5J,1,1,
"$2,650",70 Temperance Street,M5H,2,2,750
"$2,100",185 Roehampton Avenue,M4P,1,2,610
"$2,380",16 Bonnycastle Street,M5A,1,1,
"$2,000",87 Peter Street,M5V,1,1,
"$2,100",161 Roehampton Avenue,M4P,1,2,
"$2,580",15 Queens Quay East,M5E,2,1,
"$1,900",181 Dundas Street East,M5A,1,1,
"$2,900",8 York Street,M5J,2,2,
"$2,100",197 Yonge Street,M5B,1,1,645
"$4,500",210 Victoria Street,M5B,2,3,1450
"$2,300",85 Wood Street,M4Y,1,1,
"$3,750",14 York Street,M5J,3,2,
"$2,200",Baseball Place,M4M,2,1,620
"$2,650",761 Bay Street,M5G,1,1,650
"$2,850",55 Bloor Street East,M4W,2,2,
"$2,000",40 Scollard Street,M5R,1,1,800
"$1,825",111 Bathurst Street,M5V,1,1,
"$6,300",7 Grenville St | Unit: 6412,M4Y,2,3,1504
"$2,400",11 Wellesley Street West,M4Y,1,1,580
"$2,350",18 Beverley Street,M5T,1,1,
"$2,800",701 King Street West,M5V,2,2,1100
"$2,100",650 Queens Quay West,M5V,1,1,
"$2,100",45 Charles Street East,M4Y,1,1,
"$2,300",21 Widmer Street,M5V,1,1,
"$2,275",629 King Street West,M5V,1,1,500
"$2,200",30 Ordnance Street,M6K,1,1,565
"$2,000",87 Peter Street,M5V,1,1,499
"$2,200",120 Parliament Street,M5A,1,1,615
"$2,705",1100 King Street West,M6K,2,2,700
"$2,295",300 Balliol Street,M4S,1,1,600
"$1,850",115 Blue Jays Way,M5V,1,1,472
"$2,800",8 Telegram Mews,M5V,2,2,750
"$2,900",37 Grosvenor Street,M4Y,2,2,800
"$1,850",20 Joe Shuster Way,M6K,1,1,500
"$2,095",15 Stafford Street,M5V,1,1,730
"$2,100 - $2,795",55 Merchants Wharf,M5A,1 - 2,1 - 2,576-924
"$1,695",Richardson Street,M5A,1,1,334
"$2,190 - $2,700",100 Harbour Street,M5J,1 - 2,1 - 2,780
"$2,275",102 Bloor Street West,M5S,1,1,680
"$3,250",900 Mount Pleasant Road,M4P,2,1 ½ - 2,1100
"$2,695",955 Bay Street,M5S,2,2,714
"$2,000",125 Redpath Avenue,M4S,1,1,
"$2,100",1030 King Street West,M6K,1,1,600
"$2,500",68 Abell Street,M6J,2,1,
"$2,200",290 Adelaide Street West,M5V,1,1,700
"$2,500",88 Blue Jays Way,M5V,1,1,
"$2,100",15 Iceboat Terrace,M5V,1,1,
"$2,700",65 Bremner Boulevard,M5J,2,2,
"$3,050",15 Grenville Street,M4Y,2,2,729
"$1,900",1 Belsize Drive,M4S,1,1,540
"$3,200",197 Yonge Street,M5B,2,2,804
"$2,000",251 Jarvis Street,M5B,1,1,520
"$2,400",85 Queens Wharf Road,M5V,1,1,500
"$3,000",705 King Street West,M5V,2,2,1100
"$1,950",251 Jarvis Street,M5B,1,1,
"$2,250",21 Iceboat Terrace,M5V,1,1,
"$3,250",10 York Street,M5J,2,2,
"$2,250",88 Harbour Street,M5J,1,1,581
"$2,100",111 Saint Clair Avenue West,M4V,1,1,650
"$2,200",51 Lower Simcoe Street,M5J,1,1,550
"$2,100",251 Jarvis Street,M5B,1,1,490
"$2,800",10 Capreol Court,M5V,2,2,
"$2,200",1 Belsize Drive,M4S,1,1,
"$1,850",115 Blue Jays Way,M5V,1,1,540
"$2,100",219 Fort York Boulevard,M5V,1,1,
"$1,795 - $1,875",560 Front Street West,M5V,1,1,495-505
"$2,750",197 Yonge Street,M5B,2,2,806
"$1,800",251 Jarvis Street,M5B,1,1,527
"$3,375",8 Charlotte Street,M5V,2,2,833
"$2,000",120 Parliament Street,M5A,1,1,555
"$2,600",140 Bathurst Street,M5V,2,1,
"$2,300",2181 Yonge Street,M4S,1,1,
"$1,100",81 Navy Wharf Court,M5V,1,1,500
"$2,550",15 Iceboat Terrace,M5V,2,2,
"$2,200",30 Roehampton Avenue,M4P,2,1,675
"$2,500",75 Queens Wharf Road,M5V,1,1,
"$2,950",15 Grenville Street,M4Y,2,2,
"$3,275",1 The Esplanade,M5E,2,2,880
"$2,100",1055 Bay Street,M5S,1,1,
"$2,500",188 Cumberland Street,M5R,1,1,555
"$2,250",251 Jarvis Street,M5B,2,1,
"$2,100",161 Roehampton Avenue,M4P,1,1,574
"$2,000",251 Jarvis Street,M5B,1,1,
"$2,800",37 Grosvenor Street,M4Y,2,2,
"$1,875 - $3,100",15 Merchants Wharf,M5A,1 - 2,1 - 2,559-983
"$2,000",1005 King Street West,M6K,1,1,
"$2,350",10 York Street,M5J,1,1,650
"$2,000",51 Lower Simcoe Street,M5J,1,1,
"$2,600",14 York Street,M5J,2,2,
"$2,100",426 University Avenue,M5G,1,1,538
"$1,950",181 Dundas Street East,M5A,1,1,
"$3,700",140 Simcoe Street,M5H,2,2,1176
"$3,200",55 East Liberty Street,M6K,2,2,
"$1,950",555 Yonge Street,M4Y,1,1,600
"$2,200",30 Roehampton Avenue,M4P,1,2,600
"$2,780",44 Gerrard Street West,M5G,2,1 ½,1000
"$2,550",85 Wood Street,M4Y,2,2,860
"$2,100",14 York Street,M5J,1,1,
"$2,000",75 Queens Wharf Road,M5V,1,1,555
"$2,050 - $2,100",44 St Joseph Street,M4Y,1,1,572-679
"$2,800",701 King Street West,M5V,2,1,
"$2,800",42 Charles Street East,M4Y,2,1,696
"$1,100",81 Navy Wharf Court,M5V,1,1,500
"$3,500",736 Bay Street,M5G,2,2,1050
"$2,000",161 Roehampton Avenue,M4P,1,1,520
"$2,150",300 Front Street West,M5V,1,1,
"$4,000",57 Saint Joseph Street,M5S,3,2,
"$2,500",20 Gladstone Avenue,M6J,2,2,
"$1,950",2191 Yonge Street,M4S,1,1,
"$2,295",1121 Bay Street,M5S,1,1,
"$2,600",55 Bremner Boulevard,M5J,1,1,600
"$2,000",168 Simcoe Street,M5H,1,1,
"$2,900",11 Saint Joseph Street,M4Y,2,2,921
"$2,100",38 Joe Shuster Way,M6K,1,1,
"$2,300",75 Saint Nicholas Street,M4Y,1,1,
"$2,300",1080 Bay Street,M5S,1,1,
"$4,000",151 Avenue Road,M5R,2,2,927
"$1,850",75 Queens Wharf Road,M5V,1,1,575
"$2,500",10 Navy Wharf Court,M5V,1,1,
"$2,800",21 Carlton Street,M5B,2,2,869
"$2,900",65 Bremner Boulevard,M5J,2,2,
"$3,500",85 Queens Wharf Road,M5V,3,2,1050
"$2,000",460 Adelaide Street East,M5A,1,1,
"$2,100",80 Western Battery Road,M6K,1,1,
"$3,000",17 Dundonald Street,M4Y,2,2,
"$2,850",170 Bayview Avenue,M5A,2,1,
"$2,190",30 Ordnance Street,M6K,2,2,
"$2,000",8 Trent Avenue,M4C,1,1,
"$1,900",55 Bremner Boulevard,M5J,1,1,
"$1,950",85 East Liberty Street,M6K,1,1,562
"$2,500",1080 Bay Street,M5S,1,1,699
"$2,200",188 Cumberland Street,M5R,1,1,500
"$1,975 - $2,650",28 Linden Street,M4Y,1 - 2,1 - 2,660-830
"$2,500",181 Dundas Street East,M5A,2,1,675
"$1,750",251 Jarvis Street,M5B,1,1,
"$2,345",761 Bay Street,M5G,1,1,
"$2,650",2131 Yonge Street,M4S,2,2,700
"$2,100",76 Shuter Street,M5B,1,1,600
"$2,900",2181 Yonge Street,M4S,2,2,1023
"$2,400",4 Spadina Avenue,M5V,1,1,
"$5,000",30 Wellington Street East,M5E,2,2,1500
"$1,880",30 Ordnance Street,M6K,1,1,565
"$1,995",115 Blue Jays Way,M5V,1,1,
"$2,100",Baseball Place,M4M,2,1,620
"$2,100",555 Yonge Street,M4Y,1,1,610
"$2,400",181 Dundas Street East,M5A,2,1,
"$2,100",8 York Street,M5J,1,1 ½,691
"$3,000",215 Queen Street West,M5V,3,2,
"$2,400",85 Wood Street,M4Y,2,1,
"$2,100",125 Redpath Avenue,M4S,1,2,600
"$2,460",2055 Danforth Avenue,M4C,2,2,800
"$2,500",43 Eglinton Avenue East,M4P,1,1,700
"$2,550",88 Harbour Street,M5J,1,1,
"$2,200",109 Front Street East,M5A,1,1,
"$1,900",85 Wood Street,M4Y,1,1,
"$2,000",70 Queens Wharf Road,M5V,1,1,535
"$2,600",222 The Esplanade,M5A,1,1,700
"$2,300",150 East Liberty Street,M6K,1,2,680
"$3,650",525 Adelaide Street West,M5V,3,2,1045
"$3,200",12 York Street,M5J,2,1 ½,750
"$1,850",101 Peter Street,M5V,1,1,
"$1,980",560 King Street West,M5V,1,1,500
"$3,200",1121 Bay Street,M5S,2,2,
"$3,200",300 Front Street West,M5V,1,1,700
"$2,890",30 Nelson Street,M5V,2,2,
"$2,178",560 Front Street West,M5V,1,1,550
"$2,500",181 Dundas Street East,M5A,2,1,669
"$2,000",77 Shuter Street,M5B,1,1,504
"$2,300",Billings Avenue,M4L,1,1,672
"$2,280",3 Navy Wharf Court,M5V,1,1,
"$2,550",8 Dovercourt Road,M6J,1,1,750
"$2,350",42 Charles Street East,M4Y,2,1,
"$2,000",185 Roehampton Avenue,M4P,1,1,
"$2,280",85 East Liberty Street,M6K,1,1,
"$2,000",28 Ted Rogers Way,M4Y,1,1,
"$2,600",11 Brunel Court,M5V,1,1,690
"$2,600",833 King Street West,M5V,1,1,820
"$1,950",125 Blue Jays Way,M5V,1,1,
"$2,395",816 Lansdowne Avenue,M6H,2,2,
"$2,200",260 Sackville Street,M5A,1,1,500
"$2,995",900 Mount Pleasant Road,M4P,2,2,762
"$3,400",10 Capreol Court,M5V,2,2,1055
"$2,300",501 Adelaide Street West,M5V,1,1,
"$3,000",117 Gerrard Street East,M5B,1,1,750
"$2,100",223 Saint Clair Avenue West,M4V,1,1,
"$2,350",88 Cumberland Street,M5R,1,1,535
"$2,799",14 York Street,M5J,2,2,
"$1,850",120 Parliament Street,M5A,1,1,490
"$2,099",20 Joe Shuster Way,M6K,1,1,
"$2,050",161 Roehampton Avenue,M4P,1,1,
"$1,950 - $2,650",955 Bay Street,M5S,1 - 2,1,497-600
"$2,550",38 Joe Shuster Way,M6K,2,2,
"$2,200",30 Hayden Street,M4Y,1,1,655
"$1,850",85 Queens Wharf Road,M5V,1,1,
"$2,850",30 Hayden Street,M4Y,2,1,
"$2,100",185 Roehampton Avenue,M4P,1,1,
"$1,950",30 Ordnance Street,M6K,1,1,604
"$2,950",19 Grand Trunk Crescent,M5J,2,2,747
"$1,900",125 Redpath Avenue,M4S,1,1,520
"$1,850",15 Fort York Boulevard,M5V,1,1,
"$1,900",169 Fort York Boulevard,M5V,1,1,521
"$1,900",87 Peter Street,M5V,1,1,
"$3,200",14 York Street,M5J,2,2,800
"$2,250",5 Soudan Avenue,M4S,1,1,590
"$3,495",43 Hanna Avenue,M6K,2,1,
"$1,800",75 Queens Wharf Road,M5V,1,1,540
"$2,200",188 Redpath Avenue,M4P,1,1,
"$2,050",85 Wood Street,M4Y,1,1,
"$2,900",21 Carlton Street,M5B,2,2,854
"$2,350",825 Church Street,M4W,1,1,700
"$1,900",181 Dundas Street East,M5A,1,1,
"$2,600",38 Grenville Street,M4Y,1,1,
"$2,000",200 Sackville Street,M5A,1,1,
"$2,200",18 Yonge Street,M5E,1,1,
"$2,100",98 Lillian Street,M4S,1,1,
"$2,950",188 Eglinton Avenue East,M4P,2,1,1000
"$2,700",60 Berwick Avenue,M5P,2,2,870
"$2,200",85 Bloor Street East,M4W,1,1,520
"$2,400",80 Western Battery Road,M6K,1,1,750
"$3,000",600 Fleet Street,M5V,2,2,800
"$2,900",8 The Esplanade,M5E,2,1,
"$2,200",36 Lisgar Street,M6J,2,2,
"$2,750",15 Maitland Place,M4Y,2,1,
"$2,095",1420 Dupont Street,M6H,2,1,610
"$3,500",75 Queens Wharf Road,M5V,1,1,
"$2,800",14 York Street,M5J,2,1,
"$3,900",111 Saint Clair Avenue West,M4V,2,2,1310
"$2,100",50 Lombard Street,M5C,1,1,550
"$2,250",38 Elm Street,M5G,1,1,610
"$2,100",832 Bay Street,M5S,1,1,500
"$2,300",161 Roehampton Avenue,M4P,1,1 ½,
"$2,300",168 Simcoe Street,M5H,1,1,760
"$2,400",348 Wellington Street West,M5V,1,1,609
"$3,050",33 Charles Street East,M4Y,2,1,840
"$2,150",25 Carlton Street,M5B,1,1,652
"$2,400",25 Maitland Street,M4Y,1,1 ½,699
"$2,400",20 Blue Jays Way,M5V,1,1,
"$2,800",88 Blue Jays Way | Unit: 3107,M5V,1,1,650
"$2,900",25 Grenville Street,M4Y,2,2,
"$2,900",18 Stafford Street,M5V,2,2,980
"$2,800",525 Adelaide Street West,M5V,2,2,
"$2,100",251 Jarvis Street,M5B,1,1,
"$2,250",295 Adelaide Street West,M5V,1,1,
"$2,150",181 Dundas Street East,M5A,1,1,
"$2,550",185 Roehampton Avenue,M4P,2,2,757
"$1,830",181 Dundas Street East,M5A,1,1,
"$2,500",60 Bathurst Street,M5V,1,1,750
"$2,950",83 Redpath Avenue,M4S,2,2,
"$1,950",410 Queens Quay West,M5V,1,1,
"$1,850",111 Elizabeth Street,M5G,1,1,490
"$3,100",7 King Street East,M5C,2,2,
"$2,950",20 Blue Jays Way,M5V,2,2,
"$2,100",70 Temperance Street,M5H,1,1,
"$1,350",8 Scollard Street,M5R,2,2,
"$1,100",81 Navy Wharf Court,M5V,1,1,500
"$1,950",28 Linden Street,M4Y,1,1,515
"$3,300",27 Bathurst Street,M5V,3,2,875
"$2,100",832 Bay Street,M5S,1,1,580
"$2,400",150 Sudbury Street,M6J,2,1 ½,700
"$1,900",5 Mariner Terrace,M5V,1,1,519
"$1,975",35 Hayden Street,M4Y,1,1,
"$2,300",205 Manning Avenue,M6J,1,1,
"$2,300",3 Navy Wharf Court,M5V,1,1,
"$1,800",30 Ordnance Street,M6K,1,1,496
"$2,400",38 Elm Street,M5G,1,1,756
"$1,875",200 Dundas Street East,M5A,1,1,500
"$2,900",88 Blue Jays Way,M5V,1,1,587
"$2,795",609 Avenue Road,M4V,2,2,635
"$2,600",65 Southport Street,M6S,2,2,
"$2,300",85 Wood Street,M4Y,1,1,
"$2,100",85 Queens Wharf Road,M5V,1,1,
"$2,150",460 Adelaide Street East,M5A,1,1,620
"$3,300",5 Mariner Terrace,M5V,2,2,
"$2,480",403 Church Street,M5B,1,2,747
"$3,300",30 Grand Trunk Crescent,M5J,2,2,964
"$2,400",15 Iceboat Terrace,M5V,1,1,660
"$1,900",15 Iceboat Terrace,M5V,1,1,
"$1,950",60 Colborne Street,M5E,1,1,
"$3,000",80 Mill Street,M5A,2,2,
"$2,500",1901 Yonge Street,M4S,2,2,862
"$2,175",208 Queens Quay West,M5J,1,1,560
"$2,150",25 Telegram Mews,M5V,1,1,590
"$3,500",1121 Bay Street,M5S,2,2,
"$2,940",320 Richmond Street East,M5A,2,2,850
"$2,500",210 Simcoe Street,M5T,2,1,755
"$1,850",115 Blue Jays Way,M5V,1,1,
"$2,000",27 Bathurst Street,M5V,1,1,500
"$1,975",460 Adelaide Street East,M5A,1,1,620
"$2,150",25 The Esplanade,M5E,1,1,650
"$2,080",35 Balmuto Street,None,1,1,610
"$1,950",66 Portland Street,M5V,1,1,570
"$2,000",832 Bay Street,M5S,1,1,613
"$2,800",88 Harbour Street,M5J,2,2,
"$4,550",609 Avenue Road,M4V,2,2,1055
"$2,150",30 Nelson Street,M5V,1,0,
"$1,950",209 Fort York Boulevard,M5V,1,1,635
"$2,000",101 Peter Street,M5V,1,1,500
"$1,900",1 Belsize Drive,M4S,1,1,540
"$3,600",75 Queens Wharf Road,M5V,3,2,1050
"$1,995",50 McCaul Street,M5T,1,1,572
"$2,100",8 Mercer Street,M5V,1,1,623
"$1,880",770 Bay Street,M5G,1,1,
"$2,500",38 Grenville Street,M4Y,1,1,700
"$3,750",1 Belsize Drive,M4S,2,2,900
"$2,400",25 Telegram Mews,M5V,1,1,630
"$3,000",80 Queens Wharf Road,M5V,2,2,736
"$2,050",150 East Liberty Street,M6K,1,1,600
"$2,100",4 Spadina Avenue,M5V,1,1,
"$1,800",251 Jarvis Street,M5B,1,1,
"$2,150",85 Wood Street,M4Y,1,1,
"$1,900",650 King Street West,M5V,1,1,
"$3,200",230 Queens Quay West,M5J,2,2,
"$2,000",115 Blue Jays Way,M5V,1,1,
"$2,100",15 Merchants' Wharf,M5A,1,0,724
"$2,000",200 Sackville Street,M5A,1,1,
"$2,350",21 Iceboat Terrace,M5V,1,1,
"$2,800",38 Grand Magazine Street,M5V,2,1,
"$2,975",197 Yonge Street,M5B,2,2,
"$2,000",1 Market Street,M5E,1,1,
"$2,650",70 Temperance Street,M5H,1,0 ½,575
"$1,900",25 Oxley Street,M5V,1,1,
"$2,000",151 Dan Leckie Way,M5V,1,1,652
"$1,950",85 Wood Street,M4Y,1,1,
"$1,800",181 Dundas Street East,M5A,1,1,
"$2,600",151 Avenue Road,M5R,1,2,
"$2,000",68 Shuter Street,M5B,1,1,
"$2,350",88 Scott Street,M5E,1,1,650
"$2,300",205 Manning Avenue,M6J,1,1,
"$2,200",10 Navy Wharf Court,M5V,1,1,650
"$2,900",170 Bayview Avenue,M5A,2,2,770
"$3,250",21 Iceboat Terrace,M5V,1,1,600
"$3,100",102 Bloor Street West,M5S,2,1 ½,1010
"$2,150",608 Richmond Street West,M5V,1,1,500
"$2,300",151 Dan Leckie Way,M5V,1,0,
"$2,380",16 Bonnycastle Street,M5A,1,1,
"$2,150",85 Wood Street,M4Y,1,1,
"$3,300",85 Wood Street,M4Y,3,2,810
"$2,950",14 York Street,M5J,2,1,
"$4,200",151 Avenue Road,M5R,2,2,1012
"$3,750",170 Avenue Road,M5R,2,2,872
"$1,875",70 Temperance Street,M5H,1,1,
"$2,000",120 Parliament Street,M5A,1,1,
"$5,000",28 Linden Street,M4Y,3,2 ½,1560
"$2,100",15 Fort York Boulevard,M5V,1,1,599
"$1,950",70 Carlton Street,M5B,1,1,585
"$2,600",25 Telegram Mews,M5V,2,2,
"$3,000",50 Wellesley Street East,M4Y,2,2,
"$1,400",10 Yonge Street,M5E,2,2,1000
"$2,100",75 Saint Nicholas Street,M4Y,1,1,
"$2,100",181 Dundas Street East,M5A,1,1,600
"$3,050",488 University Avenue,M5G,2,2,
"$1,900",181 Dundas Street East,M5A,1,1,
"$1,700",251 Jarvis Street,M5B,1,1,400
"$2,550",15 Maitland Place,M4Y,2,1,830
"$2,750",955 Bay Street,M5S,2,2,
"$2,900",386 Yonge Street,M5G,2,2,860
"$1,950",8 Eglinton Avenue East,M4P,1,1,509
"$3,000",15 Merchants' Wharf,M5A,2,2,850
"$2,625",55 Bremner Boulevard,M5J,1,1,595
"$2,050",47 Lower River Street,M5A,1,1,520
"$1,900",68 Shuter Street,M5B,1,1,
"$1,995",115 Blue Jays Way,M5V,1,1,
"$2,050",8 The Esplanade,M5E,1,1,
"$2,050",88 Harbour Street,M5J,1,1,
"$2,200",70 Temperance Street,M5H,1,1,500
"$1,925",181 Dundas Street East,M5A,1,1,
"$2,400",1638 Bloor Street West,M6P,1,1,
"$2,350",633 Bay Street,M5G,1,1 ½,833
"$1,950",85 Wood Street,M4Y,1,1,
"$1,900",70 Temperance Street,M5H,1,1,492
"$1,975",18 Yonge Street,M5E,1,1,
"$2,150",10 Capreol Court,M5V,1,1,
"$2,950",222 The Esplanade,M5A,2,1,900
"$2,700",125 Peter St,M5V,2,1,945
"$2,000",188 Cumberland Street,M5R,1,1,
"$2,100",1 Belsize Drive,M4S,1,1,
"$1,800",251 Jarvis Street,M5B,1,1,
"$2,400",576 Front Street West,M5V,2,2,700
"$1,900",1 Belsize Drive,M4S,1,1,535
"$2,100",15 Queens Quay East,M5E,1,1,
"$2,100",8 Scollard Street,M5R,1,1,
"$2,300",25 Carlton Street,M5B,1,1,652
"$3,100",1030 King Street West,M6K,2,2,
"$2,500",90 Stadium Road,M5V,1,1,700
"$2,050",161 Roehampton Avenue,M4P,1,1,
"$2,200",22 Wellesley Street East,M4Y,2,1,680
"$2,100",45 Charles Street East,M4Y,1,2,
"$1,890",161 Roehampton Avenue,M4P,1,1,
"$2,200",8 The Esplanade,M5E,1,1,
"$2,350",250 Queens Quay West,M5J,1,1,
"$1,950",120 Parliament Street,M5A,1,1,
"$1,950",58 Orchard View Boulevard,M4R,1,1,560
"$2,100",66 Portland Street,M5V,1,1,560
"$2,500",300 Front Street West,M5V,1,1,
"$2,100",295 Adelaide Street West,M5V,1,1,
"$1,850",125 Blue Jays Way,M5V,1,1,514
"$2,595",88 Scott Street,M5E,1,1,
"$2,600",88 Harbour Street,M5J,1,1,
"$1,850",159 Dundas Street East,M5B,1,1,565
"$2,400",1190 Dundas Street East,M4M,1,1,
"$2,100",20 Minowan Miikan Lane,M6J,1,1,
"$2,450",609 Avenue Road,M4V,2,2,644
"$2,975",500 Queens Quay West,M5V,2,2,1200
"$2,000",25 Stafford Street,M5V,1,1,500
"$1,850",576 Front Street West,M5V,1,1,575
"$1,950",69 Lynn Williams Street,M6K,1,1,500
"$2,350",90 Trinity Street,M5A,1,1,
"$3,100",14 York Street,M5J,2,2,
"$3,600",300 Front Street West,M5V,2,2,
"$1,950",161 Roehampton Avenue,M4P,1,1,533
"$1,800",58 Orchard View Boulevard,M4R,1,1,
"$2,050",251 Jarvis Street,M5B,2,1,573
"$2,400 - $2,450",50 McCaul Street,M5T,1 - 2,1 - 2,618-704
"$2,950",88 Harbour Street,M5J,3,2,
"$1,950",38 Joe Shuster Way,M6K,1,1,
"$2,200",77 Shuter Street,M5B,1,1,605
"$2,750",28 Ted Rogers Way,M4Y,2,1,782
"$2,900",18 Yonge Street,M5E,2,2,850
"$2,700",4 K Spadina Ave,M5V,2,2,800
"$3,200",8 The Esplanade,M5E,1,2,760
"$1,800",1055 Bay Street,M5S,1,1,
"$2,150",955 Bay Street,M5S,1,1,
"$2,200",28 Ted Rogers Way,M4Y,1,1,600
"$1,500",783 Bathurst Street,M5S,1,1,720
"$2,000",25 Telegram Mews,M5V,1,1,650
"$2,300",155 Yorkville Ave | Unit: 2615,M5R,1,1,405
"$2,600",251 Jarvis Street,M5B,2,2,
"$1,850",215 Queen Street West,M5V,1,1,400
"$2,400",45 Charles Street East,M4Y,1,2,746
"$1,690",5 Soudan Avenue,M4S,1,1,380
"$2,000",11 Wellesley Street West,M4Y,1,1,
"$1,400",10 Yonge Street,M5E,2,2,1000
"$2,550",85 Wood Street,M4Y,2,1,
"$2,950",25 Lower Simcoe Street,M5J,1,1,
"$4,999",7 Grenville Street,M4Y,2,1 ½,1357
"$2,800",525 Adelaide Street West,M5V,1,2,
"$1,950",88 Cumberland Street,M5R,1,1,510
"$1,800",460 Adelaide Street East,M5A,1,1,
"$2,400",11 Wellesley Street West,M4Y,1,1,
"$2,250",25 Telegram Mews,M5V,1,1,660
"$2,400",212 Eglinton Avenue East,M4P,1,1,742
"$2,000",30 Roehampton Avenue,M4P,1,1,
"$2,000",89 McGill Street,M5B,1,1,
"$2,400",300 Front Street West,M5V,1,1,
"$2,195",197 Yonge Street,M5B,1,1,559
"$2,800",295 Adelaide Street West,M5V,2,2,
"$2,950",125 Redpath Avenue,M4S,2,2,
"$2,500",70 Queens Wharf Road,M5V,1,1,
"$2,480",403 Church Street,M5B,1,1 ½,747
"$2,300",75 Queens Wharf Road,M5V,1,1,
"$2,150",300 Bloor Street East,M4W,1,1,700
"$2,380",35 Mariner Terrace,M5V,1,1,
"$2,100",50 Bruyeres Mews,M5V,1,1,
"$2,095",209 Fort York Boulevard,M5V,1,1,
"$2,350",51 East Liberty Street,M6K,1,2,680
"$1,995",10 Navy Wharf Court,M5V,1,1,
"$3,200",35 Hayden Street,M4Y,2,2,899
"$2,550",36 Lisgar Street,M6J,2,2,600
"$2,100",101 Peter Street,M5V,1,1,
"$2,300",70 Distillery Lane,M5A,1,1,650
"$2,700",5 Soudan Avenue,M4S,2,2,
"$2,700",330 Adelaide Street East,M5A,2,2,
"$2,250",33 Bay Street,M5J,1,1,600
"$3,100",11 Saint Joseph Street,M4Y,2,2,895
"$1,795",20 Minowan Miikan Lane,M6J,1,1,491
"$2,200",15 Merchants' Wharf,M5A,1,1,
"$2,480",159 Dundas Street East,M5B,2,2,
"$3,300",20 Blue Jays Way,M5V,2,2,
"$2,195",115 Blue Jays Way,M5V,1,0 ½,560
"$2,099",629 King Street West,M5V,1,1,500
"$2,500",801 Bay Street,M5S,1,1,
"$2,600",25 Queens Quay East,M5E,1,2,661
"$2,300",251 Jarvis Street,M5B,2,1,592
"$2,350",386 Yonge Street,M5G,1,1,
"$1,950 - $3,450",300 Front Street West,M5V,1 - 3,1 - 2,572-988
"$2,850",65 East Liberty Street,M6K,2,2,950
"$2,000",125 Blue Jays Way,M5V,1,1,528
"$3,500",20 Blue Jays Way,M5V,2,2,
"$3,500",60 Colborne Street,M5E,2,2,
"$1,850",629 King Street West,M5V,1,1,
"$3,200",1121 Bay Street,M5S,2,1,800
"$2,300",1 Shaw Street,M6K,1,1,683
"$2,450",197 Yonge Street,M5B,1,1,643
"$1,750",812 Lansdowne Avenue,M6H,1,1,516
"$2,250",8 The Esplanade,M5E,1,1,638
"$1,750",161 Roehampton Avenue,M4P,1,1,500
"$2,700",95 Lombard Street,M5C,1,1,825
"$2,100",20 Blue Jays Way,M5V,1,1,
"$3,200",10 Capreol Court,M5V,2,2,
"$2,350",36 Lisgar Street,M6J,2,2,
"$2,400",60 Colborne Street,M5E,1,1,650
"$2,200",251 Jarvis Street,M5B,2,1,
"$1,850",210 Simcoe Street,M5T,1,1,496
"$1,900",17 Dundonald Street,M4Y,1,1,
"$2,100",320 Richmond St E,M5A,2,1,700
"$2,500",525 Adelaide Street West,M5V,1,2,665
"$2,195",15 Merchants' Wharf,M5A,1,1,625
"$2,700",55 Bremner Boulevard,M5J,1,1,650
"$2,200",628 Fleet Street,M5V,1,1,650
"$2,700",55 Bremner Boulevard,M5J,1,1,650
"$2,800",8 York Street,M5J,2,2,990
"$2,950",832 Bay Street,M5S,2,2,826
"$1,900",27 Bathurst Street,M5V,1,1,500
"$3,195",347 Sorauren Avenue,M6R,1,1,1150
"$3,500",223 Saint Clair Avenue West,M4V,2,2,1079
"$1,890",45 Charles Street East,M4Y,1,1,
"$2,050",60 Berwick Avenue,M5P,1,1,
"$2,000",39 Brant Street,M5V,1,1,
"$2,150",21 Nelson Street,M5V,1,1,600
"$2,075",25 Lower Simcoe Street,M5J,1,1,575
"$2,150",181 Dundas Street East,M5A,2,1,
"$1,850",125 Peter Street,M5V,1,1,
"$2,350",8 Eglinton Avenue East,M4P,1,2,620
"$2,500",955 Bay Street,M5S,2,2,
"$2,600",126 Simcoe Street,M5H,2,2,780
"$2,200",181 Dundas Street East,M5A,2,1,
"$2,200",478 King Street West,M5V,1,1,630
"$3,650",120 Parliament Street,M5A,2,2,995
"$2,995",11 Charlotte Street,M5V,2,1,824
"$2,750",38 Dan Leckie Way,M5V,2,2,
"$2,880",25 Telegram Mews,M5V,2,2,800
"$2,075",75 East Liberty Street,M6K,1,0 ½,571
"$4,499",111 Bathurst Street,M5V,2,2,
"$1,950",25 Capreol Court,M5V,1,1,
"$3,000",Edgewater Drive,M5A,2,2,12
"$2,450",42 Charles Street East,M4Y,2,1,932
"$2,950",750 Bay Street,M5G,2,2,1000
"$2,100",15 Merchants' Wharf,M5A,1,1,550
"$3,000",218 Queens Quay West,M5J,2,2,900
"$1,680 - $2,000",1030 King Street West,M6K,0 - 1,1,370-450
"$1,800",812 Lansdowne Avenue,M6H,1,1,590
"$2,000",14 York Street,M5J,1,1,
"$2,450",576 Front Street West,M5V,2,2,
"$2,325",15 Queens Quay East,M5E,1,1,602
"$2,500",1005 King Street West,M6K,1,1,
"$2,275",25 Lower Simcoe Street,M5J,1,1,650
"$2,780",320 Richmond Street East,M5A,2,2,825
"$2,800",22 Wellesley Street East,M4Y,2,2,950
"$2,850",100 Harbour Street,M5J,2,2,800
"$2,200",231 Fort York Boulevard,M5V,1,1,663
"$1,950",38 Niagara Street,M5V,1,1,
"$10,500",183 Wellington Street West,M5V,2,2 ½,2525
"$1,895",36 Howard Park Avenue,M6R,1,1,500
"$7,000",183 Wellington Street West,M5V,2,2,1400
"$2,050",7 Grenville Street,M4Y,1,1,519
"$1,775",68 Abell Street,M6J,1,1,590
"$2,400",Hillsdale Avenue East,None,2,2,600
"$2,600",68 Abell Street,M6J,2,2,
"$1,900",120 Parliament Street,M5A,1,1,550
"$3,100",35 Balmuto Street,None,2,2,905
"$2,050",711 Bay Street,M5G,1,1,
"$1,900",85 Queens Wharf Road,M5V,1,1,
"$3,000",80 Mill Street,M5A,2,2,1000
"$2,700",39 Queens Quay East,M5A,1,1,
"$2,600",38 Grenville Street,M4Y,1,1,
"$1,875",251 Jarvis Street,M5B,1,1,
"$2,050",8 Eglinton Avenue East,M4P,1,1,
"$2,300",10 Queens Quay West,M5J,1,1,750
"$2,200",42 Charles Street East,M4Y,1,1,560
"$2,000",576 Front Street West,M5V,1,1,
"$1,950",629 King Street West,M5V,1,1,510
"$1,950",11 Wellesley Street West,M4Y,1,1,
"$1,800",494 Avenue Road,M4V,1,1,
"$1,995",15 Queens Quay East,M5E,1,1,
"$2,300",85 East Liberty Street,M6K,1,1,
"$1,875",629 King Street West,M5V,1,1,
"$3,300",5 Saint Joseph Street,M4Y,2,2,789
"$1,775",816 Lansdowne Avenue,M6H,1,1,625
"$2,400",30 Ordnance Street,M6K,2,1,
"$2,300",105 The Queensway,M6S,1,1 ½,620
"$2,750",1 Bedford Road,M5R,1,1 ½,670
"$2,045",117 Gerrard Street East,M5B,1,1,
"$2,500",161 Roehampton Avenue,M4P,2,2,750
"$2,600",4 Spadina Avenue,M5V,2,2,755
"$2,300",942 Yonge St | Unit: 712,M4W,1,1,700
"$2,300",51 Lower Simcoe Street,M5J,1,0 ½,650
"$1,800",8 Eglinton Avenue East,M4P,1,1,500
"$3,100",38 Grenville Street,M4Y,2,2,
"$2,600",637 Lake Shore Boulevard West,M5V,1,1,
"$3,500",65 Saint Mary Street,M5S,2,2,
"$2,090",629 King Street West,M5V,1,1,450
"$2,800",90 Queens Wharf Road,M5V,2,2,857
"$1,800",403 Church Street,M5B,1,1,565
"$1,750",816 Lansdowne Avenue,M6H,1,1,535
"$1,995",209 Fort York Boulevard,M5V,1,1,
"$2,300",25 Lower Simcoe Street,M5J,1,1,
"$2,350",197 Yonge Street,M5B,1,1,
"$2,150",150 East Liberty Street,M6K,1,1,
"$3,750",197 Yonge Street,M5B,3,2,900
"$1,980",197 Yonge Street,M5B,1,1,580
"$3,500",1 Market Street,M5E,2,2,950
"$2,350",80 Western Battery Road,M6K,1,1,
"$2,100",11 Brunel Court,M5V,1,1,
"$2,000",38 Stewart Street,M5V,1,1,
"$2,050",115 Blue Jays Way,M5V,1,1,
"$2,350",225 Sackville Street,M5A,1,2,670
"$2,000",85 Wood Street,M4Y,1,1,
"$2,150",15 Queens Quay East,M5E,2,1,650
"$6,400",183 Wellington St W | Unit: 2301,M5V,2,2,1512
"$3,300",125 Peter Street,M5V,2,2,
"$1,500",750 Bay Street,M5G,1,1,885
"$1,850",15 Fort York Boulevard,M5V,1,1,
"$3,200",15 Grenville Street,M4Y,2,2,
"$3,500",85 Queens Wharf Road,M5V,3,2,
"$2,350",161 Roehampton Avenue,M4P,2,2,750
"$4,500",88 Cumberland Street,M5R,2,2,998
"$2,000",87 Peter Street,M5V,1,1,
"$2,350",20 Blue Jays Way,M5V,1,1,645
"$2,250",390 Cherry Street,M5A,1,1,549
"$1,900",290 Adelaide Street West,M5V,1,1,
"$2,250",68 Merton Street,M4S,1,2,
"$1,800",375 King Street West,M5V,1,1,575
"$2,300",70 Temperance Street,M5H,1,1,500
"$2,399",20 Tubman Avenue,M5A,1,1,700
"$1,995",501 Adelaide Street West,M5V,1,1,600
"$2,100",8 Eglinton Avenue East,M4P,1,1,
"$1,950",300 Front Street West,M5V,1,1,
"$2,300",21 Grand Magazine Street,M5V,1,1,721
"$2,800",111 Saint Clair Avenue West,M4V,2,2,
"$2,050",120 Parliament Street,M5A,1,1,
"$1,900",68 Abell Street,M6J,1,1,
"$1,950",185 Roehampton Avenue,M4P,1,1,
"$2,200",250 Wellington Street West,M5V,1,1,588
"$1,950",323 Richmond Street East,M5A,1,1,600
"$2,900",130 Rusholme Road,M6H,2,2,
"$1,900",251 Jarvis Street,M5B,1,1,500
"$2,450",42 Charles Street East,M4Y,2,1,
"$2,200",460 Adelaide Street East,M5A,1,1,610
"$2,200",70 Temperance Street,M5H,1,1,500
"$1,995 - $2,295",20 John St | Unit: 200,M5V,1,1,445
"$1,950",560 Front Street West,M5V,1,1,580
"$2,200",8 Scollard Street,M5R,1,1,
"$2,200",608 Richmond Street West,M5V,1,1,
"$2,700",30 Ordnance Street,M6K,2,2,801
"$2,175",8 Mercer St,M5V,1,1,630
"$2,375",8 York Street,M5J,1,1 ½,715
"$2,495 - $3,495",1 King Street West,M5C,0 - 1,1,
"$1,850",115 Richmond Street East,M5C,1,1,
"$2,650",Adelaide Street West,None,1,2,
"$2,200",608 Richmond Street West,M5V,1,1,604
"$3,000",185 Roehampton Avenue,M4P,2,2,650
"$2,550",210 Simcoe Street,M5T,1,1,
"$2,600",150 East Liberty Street,M6K,2,2,800
"$2,501",85 Wood Street,M4Y,1,1,
"$2,450",300 Front Street West,M5V,1,1,
"$1,900",87 Peter Street,M5V,1,1,460
"$3,000",14 York Street,M5J,2,2,700799
"$2,250",750 Bay Street,M5G,1,1,716
"$3,100",75 Queens Wharf Road,M5V,2,2,1008
"$3,000",22 Leader Lane,M5E,1,1,650
"$1,950",3 Navy Wharf Court,M5V,1,1,620
"$2,800",330 Adelaide Street East,M5A,2,2,
"$2,200",8 Eglinton Avenue East,M4P,1,2,600
"$2,300",33 Bay Street,M5J,1,1,530
"$2,350",20 Bruyeres Mews,M5V,1,1,750
"$3,000",955 Bay Street,M5S,2,2,750
"$2,700",14 York Street,M5J,2,2,
"$2,150",101 Peter St | Unit: 701,M5V,1,1,609
"$3,300",11 Brunel Court,M5V,2,2,938
"$4,200",1 Bloor Street East,M4W,2,2,800
"$3,050",20 Bruyeres Mews,M5V,2,2,990
"$3,300",1 Bloor Street East,M4W,2,2,
"$2,800",12 York Street,M5J,2,2,
"$3,296",151 Dan Leckie Way,M5V,2,2,
"$2,400",576 Front Street West,M5V,1,1,
"$1,950",Fort York Boulevard,M5V,1,1,500
"$2,600",140 Simcoe Street,M5H,2,1,650
"$1,900",101 Erskine Avenue,M4P,1,1,
"$2,150",1 King Street West,M5C,1,1,
"$2,050",410 Queens Quay West,M5V,1,1,
"$2,150",1005 King Street West,M6K,1,1,
"$1,790",69 Lynn Williams Street,M6K,1,1,
"$2,250",89 Dunfield Avenue,None,1,1,700
"$2,450",120 Parliament Street,M5A,2,2,
"$2,300",8 Eglinton Avenue East,M4P,1,2,
"$2,050",25 Telegram Mews,M5V,1,1,
"$2,950",55 Centre Avenue,M5G,2,2,1066
"$2,200",11 Wellesley Street West,M4Y,1,1,
"$2,050",576 Front Street West,M5V,1,1,
"$2,100",155 Yorkville Avenue,M5R,1,1,550
"$2,200",560 Front Street West,M5V,1,1,500
"$1,300",215 Queen Street West,M5V,2,1,750
"$2,100",535 Parliament Street,M4X,1,1,
"$3,100",51 Lower Simcoe Street,M5J,2,2,
"$1,850",816 Lansdowne Avenue,M6H,1,1,545
"$2,150",30 Roehampton Avenue,M4P,1,2,600
"$2,150",70 Temperance Street,M5H,1,1,
"$2,100",2131 Yonge Street,M4S,1,0 ½,650
"$2,150",Queens Quay East,None,1,1,
"$2,350",231 Fort York Boulevard,M5V,1,1,663
"$2,075",8 York Street,M5J,1,1,
"$2,375",36 Lisgar Street,M6J,2,2,
"$2,250",770 Bay Street,M5G,1,1,597
"$2,850",28 Ted Rogers Way,M4Y,2,1,
"$2,200",50 Bruyeres Mews,M5V,1,1,
"$1,575",99 Howard Street,M4X,1,1,
"$1,850",161 Roehampton Avenue,M4P,1,1,499
"$2,400",80 John Street,M5V,1,1,
"$1,700 - $4,200",50 John Street,M5V,0 - 2,1 - 2,365-1230
"$6,500",10 York Street,M5J,2,2,
"$2,550",43 Eglinton Avenue East,M4P,2,1,700
"$2,250",455 Front Street East,M5A,1,1,545
"$2,195",170 Bayview Avenue,M5A,1,1,
"$3,300",38 Grenville Street,M4Y,2,2,
"$2,580",70 Carlton Street,M5B,1,2,
"$1,900",120 Parliament Street,M5A,1,1,565
"$2,850",65 Bremner Boulevard,M5J,2,2,
"$1,800",115 Blue Jays Way,M5V,1,1,495
"$3,000",10 Navy Wharf Court,M5V,2,2,1220
"$1,900",115 Blue Jays Way,M5V,1,1,
"$2,050",68 Abell Street,M6J,1,1,
"$3,900",20 Scrivener Square,M4W,2,1,820
"$2,050",15 Queens Quay East,M5E,1,1,570
"$1,800",115 Blue Jays Way,M5V,1,1,
"$1,725",251 Jarvis Street,M5B,1,1,484
"$2,500",188 Cumberland Street,M5R,1,1,530
"$2,000",53 McCaul Street,M5T,1,1,600
"$2,780",1 Saint Johns Road,M6P,1,1,
"$2,800",21 Nelson Street,M5V,2,2,
"$2,600",33 Charles St E,M4Y,1,1,903
"$1,990",125 Redpath Avenue,M4S,1,1,500
"$2,295",570 Bay Street,M5G,1,1,565
"$2,850",30 Nelson Street,M5V,2,2,
"$1,980",35 Balmuto Street,None,1,1,
"$2,000",35 Hayden Street,M4Y,1,1,
"$2,750",77 Shuter Street,M5B,2,2,
"$2,100",281 Mutual Street,M4Y,1,1,
"$1,999",55 Bremner Blvd,M5J,1,1,552
"$2,350",36 Lisgar Street,M6J,2,2,600
"$2,750",170 Sumach Street,M5A,2,2,
"$3,200",85 Wood Street,M4Y,2,2,
"$2,200",219 Fort York Boulevard,M5V,1,1,648
"$2,475",11 Brunel Court,M5V,1,1,
"$3,150",8 York Street,M5J,2,2,1092
"$2,200",410 Queens Quay West,M5V,1,1,600
"$1,900",8 Eglinton Avenue East,M4P,1,1,466
"$2,650",38 Joe Shuster Way,M6K,2,1,650
"$1,950",224 King Street West,M5H,1,1,
"$1,995",25 Stafford Street,M5V,1,1,
"$2,300",365 Church Street,M5B,1,1,
"$1,825",120 Parliament Street,M5A,1,1,
"$2,100",832 Bay Street,M5S,1,1,
"$2,200",85 Bloor Street East,M4W,1,1,509
"$2,150",5 Hanna Avenue,M6K,1,1,580
"$2,200",168 Simcoe Street,M5H,1,1,
"$2,095",1420 Dupont Street,M6H,2,1,650
"$2,300",478 King Street West,M5V,1,1,630
"$2,650",28 Wellesley Street East,M4Y,2,1,
"$2,200",10 York Street,M5J,1,1,
"$2,050",85 Queens Wharf Road,M5V,1,1,
"$2,350",25 Capreol Court,M5V,1,1,650
"$2,150",15 Fort York Boulevard,M5V,1,1,587
"$2,080",101 Erskine Avenue,M4P,1,1,
"$2,000",120 Parliament Street,M5A,1,1,
"$2,395",816 Lansdowne Avenue,M6H,2,2,920
"$2,050",200 Dundas Street East,M5A,2,1,
"$2,100",111 Elizabeth Street,M5G,1,1,675
"$2,300",5 Hanna Avenue,M6K,1,2,610
"$2,850",125 Blue Jays Way,M5V,2,2,786
"$2,775",390 Cherry St | Unit: 3204,M5A,2,2,900
"$2,050",88 Harbour Street,M5J,1,1,
"$2,600",14 York St | Unit: Suite 506,M5J,2,1,
"$1,900",38 Stewart Street,M5V,1,1,
"$2,780",231 Fort York Boulevard,M5V,2,2,
"$2,000",230 Queens Quay West,M5J,1,1,600
"$1,950",8 Joe Shuster Way,M6K,1,1,
"$2,200",30 Ordnance Street,M6K,2,1,680
"$2,280",101 Charles Street East,M4Y,1,1,
"$1,950",151 Dan Leckie Way,M5V,1,1,
"$2,650",70 Temperance Street,M5H,2,1,
"$1,800",8 Dovercourt Road,M6J,1,1,500
"$1,900",1 Belsize Drive,M4S,1,1,535
"$2,300",383 Sorauren Avenue,M6R,1,1,
"$3,500",87 Peter Street,M5V,3,2,825
"$1,900",181 Dundas Street East,M5A,1,1,
"$3,200",8 Mercer Street,M5V,2,2,
"$2,249",750 Bay Street,M5G,1,1,700
"$2,850",15 Merchants' Wharf,M5A,1,2,
"$2,050",185 Roehampton Avenue,M4P,1,1,
"$2,700",60 Tannery Road,M5A,2,2,850
"$1,980",386 Yonge Street,M5G,1,1,518
"$2,300",205 Frederick Street,M5A,1,1,650
"$1,900",150 Sudbury Street,M6J,1,1,500
"$1,850",181 Dundas Street East,M5A,1,1,
"$2,300",1030 King Street West,M6K,1,1,630
"$2,150",120 Parliament Street,M5A,1,1,588
"$2,600",199 Richmond Street West,M5V,1,1,
"$1,899",1001 Bay Street,M5S,1,1,
"$2,350",300 Front Street West,M5V,1,1,600
"$3,000",353 Beech Avenue,M4E,1,1,800
"$3,100",889 Bay Street,M5S,2,2,950
"$3,000",375 King Street West,M5V,2,2,
"$2,450",88 Blue Jays Way,M5V,1,1,624
"$2,800",38 Dan Leckie Way,M5V,2,2,
"$3,200",209 Fort York Boulevard,M5V,2,2,
"$2,200",22 Leader Lane,M5E,1,1,500
"$2,995",112 George Street,M5A,2,2,
"$3,100",210 Victoria Street,M5B,2,2,1030
"$2,200",270 Wellington Street West,M5V,1,1,550
"$3,000",135 George Street South,M5A,2,1,
"$2,400",525 Adelaide Street West,M5V,1,1,
"$2,200",318 Richmond Street West,M5V,1,1,
"$2,200",11 Wellesley Street West,M4Y,1,1,
"$1,925",460 Adelaide Street East,M5A,1,1,
"$2,600",19 Grand Trunk Crescent,M5J,2,2,948
"$2,050",17 Dundonald Street,M4Y,1,1,580
"$3,000",75 Queens Wharf Road,M5V,2,2,
"$2,100",Lake Shore Boulevard East,None,1,0 ½,650
"$2,500",426 University Avenue,M5G,2,1,
"$1,900",150 Sudbury Street,M6J,1,1,
"$1,900",115 Richmond Street East,M5C,1,1,
"$2,250",400 Adelaide Street East,M5A,1,2,673
"$1,925",833 King Street West,M5V,1,1,670
"$2,200",460 Adelaide Street East,M5A,1,1,
"$2,200",352 Front Street West,M5V,1,1,
"$2,000",27 Bathurst Street,M5V,1,1,
"$2,222",140 Simcoe Street,M5H,1,1,688
"$5,000",85 Queens Wharf Road,M5V,2,2,850
"$2,000",170 Bayview Avenue,M5A,1,1,
"$2,200",750 Bay Street,M5G,1,1,730
"$2,600",125 Peter Street,M5V,2,1,655
"$1,900",576 Front Street West,M5V,1,1,
"$3,500",125 Peter Street,M5V,3,2,1200
"$1,800",125 Redpath Avenue,M4S,1,1,459
"$1,900",8 Eglinton Avenue East,M4P,1,1,
"$2,100",181 Dundas Street East,M5A,1,1,600
"$1,800",181 Dundas Street East,M5A,1,1,
"$2,000",100 Western Battery Road,M6K,1,1,555
"$2,200",16 Yonge Street,M5J,1,2,
"$3,000",80 John Street,M5V,1,1,700799
"$1,850",115 Blue Jays Way,M5V,1,1,460
"$2,100",1 The Esplanade,M5E,1,1,600
"$2,950",600 Queens Quay West,M5V,2,2,1000
"$2,280",3 Navy Wharf Court,M5V,1,1,
"$4,750",20 Blue Jays Way | Unit: 2122,M5V,3,2 ½,1800
"$2,750",170 Sumach Street,M5A,2,2,
"$2,350",20 Gladstone Avenue,M6J,2,1,
"$2,600",222 The Esplanade,M5A,1,1,700
"$2,600",150 Sudbury Street,M6J,1,1,670
"$2,950",955 Bay Street,M5S,2,2,713
"$3,000",65 Bremner Boulevard,M5J,2,2,
"$1,800",150 Beverley Street,M5T,1,3,600
"$1,800",150 Beverley Street,M5T,1,3,650
"$2,300",Edgewater Drive,M5A,1,1,758
"$1,950",18 Stafford Street,M5V,1,1,
"$2,000",120 Parliament Street,M5A,1,1,599
"$2,300",161 Roehampton Avenue,M4P,1,2,
"$2,595",125 Peter Street,M5V,2,1,945
"$2,150",90 Queens Wharf Road,M5V,1,1,
"$2,400",761 Bay Street,M5G,1,1,500
"$2,100",250 Wellington Street West,M5V,1,1,
"$2,450",125 Redpath Avenue,M4S,1,1,
"$2,200",410 Queens Quay West,M5V,1,1,650
"$2,200",85 Bloor Street East,M4W,1,1,
"$2,100",8 Eglinton Avenue East,M4P,1,1,
"$6,000",5 Mariner Terrace,M5V,2,2,1200
"$2,075",50 Lynn Williams Street,M6K,1,1,
"$2,150",155 Yorkville Avenue,M5R,1,1,
"$2,150",89 Dunfield Avenue,None,1,2,600
"$2,000",38 Dan Leckie Way,M5V,1,1,672
"$2,250",151 Dan Leckie Way,M5V,1,1,
"$2,850",251 Jarvis Street,M5B,3,1,
"$1,980",88 Blue Jays Way,M5V,1,1,
"$3,000",85 East Liberty Street,M6K,2,2,850
"$2,100",18 Harbour Street,M5J,1,1,626
"$2,050",89 McGill Street,M5B,1,1,
"$2,500",85 Wood Street,M4Y,2,1,
"$2,300",85 Queens Wharf Road,M5V,1,1,
"$2,350",170 Bayview Avenue,M5A,1,1,
"$2,150",4 Spadina Avenue,M5V,1,1,585
"$3,750",246 Logan Avenue,M4M,2,2,
"$3,250",250 Wellington Street West,M5V,2,2,1000
"$2,500",19 Brant Street,M5V,1,1,806
"$2,200",85 Wood Street,M4Y,1,1,
"$2,200",290 Adelaide Street West,M5V,1,1,400
"$2,950",8 Charlotte St,M5V,1,1,
"$2,200",25 Telegram Mews,M5V,1,1,670
"$2,200",5 Saint Joseph Street,M4Y,1,1,
"$2,700",1 Bloor Street East,M4W,1,2,
"$3,490",8 Charlotte Street,M5V,2,2,970
"$2,500",295 Adelaide Street West,M5V,2,2,
"$2,100",38 The Esplanade,M5E,1,1,665
"$2,200",159 Dundas Street East,M5B,1,1,560
"$2,450",230 Queens Quay West,M5J,1,1,600
"$2,400",138 Princess Street,M5A,1,1,670
"$1,800",403 Church Street,M5B,1,1,510
"$2,300",1420 Dupont Street,M6H,2,1,710
"$3,350",510 King Street East,M5A,2,2,
"$2,100",15 Iceboat Terrace,M5V,1,1,
"$2,045",117 Gerrard Street East,M5B,1,1,
"$2,650",103 The Queensway,M6S,2,2,
"$1,700",220 Victoria Street,M5B,1,1,
"$2,100",44 Saint Joseph Street,M4Y,1,1,850
"$2,200",89 Dunfield Avenue,None,1,1,650
"$3,000",38 Joe Shuster Way,M6K,2,2,725
"$2,150",801 King Street West,M5V,1,1,650
"$2,400",8 Scollard Street,M5R,1,1,
"$2,400",15 Iceboat Terrace,M5V,1,1,
"$2,350",10 York Street,M5J,1,1,
"$2,150",231 Fort York Boulevard,M5V,1,1,600
"$3,100",125 Western Battery Road,M6K,2,2,1023
"$1,950",208 Queens Quay West,M5J,1,1,
"$2,400",15 Merchants' Wharf,M5A,1,1,650
"$2,150",8 The Esplanade,M5E,1,1,
"$2,600",70 Queens Wharf Road,M5V,2,1,710
"$2,800",15 Iceboat Terrace,M5V,2,2,
"$2,350",318 Richmond Street West,M5V,1,1,
"$2,500",220 Victoria Street,M5B,1,1,
"$2,200",151 Avenue Road,M5R,1,1,
"$2,100",44 Saint Joseph Street,M4Y,1,1,850
"$2,000",955 Bay Street,M5S,1,1,
"$2,450",44 Saint Joseph Street,M4Y,1,1,540
"$2,350",461 Adelaide Street West,M5V,1,1,
"$2,250",70 Queens Wharf Road,M5V,1,1,600
"$3,000",90 Stadium Road,M5V,2,2,782
"$2,150",3 Navy Wharf Court,M5V,1,1,
"$2,100",85 Wood Street,M4Y,1,1,
"$2,750",15 Beverley Street,M5T,2,1,
"$4,885",111 Saint Clair Avenue West,M4V,2,2,1200
"$1,900",210 Simcoe Street,M5T,1,1,
"$2,150",11 Brunel Court,M5V,1,1,
"$2,900",15 Iceboat Terrace,M5V,2,2,
"$3,100",199 Richmond Street West,M5V,2,2,800
"$2,500",85 Wood Street,M4Y,2,1,
"$2,300",88 Harbour Street,M5J,1,1,
"$2,800",152 Saint Patrick Street,M5T,2,2,
"$2,900",101 Peter Street,M5V,2,1,
"$2,200",24 Wellesley Street West,M4Y,1,1,
"$2,600",650 Mount Pleasant Road,M4S,2,2,900
"$3,300",88 Cumberland Street,M5R,2,2,
"$2,950",7 King Street East,M5C,2,2,
"$3,000",750 Bay Street,M5G,2,2,
"$2,900",1 King Street West,M5C,2,2,1000
"$2,950",8 Charlotte Street,M5V,2,1,
"$2,700",65 Harbour Square,M5J,1,1,1100
"$2,700",1080 Bay Street,M5S,1,1,592
"$2,100",120 Parliament Street,M5A,1,1,565
"$2,100",170 Bayview Avenue,M5A,1,1,527
"$2,350",125 Western Battery Road,M6K,1,1,
"$2,200",33 Bay Street,M5J,1,1,
"$2,150",50 Lynn Williams Street,M6K,1,1,590
"$2,550",816 Lansdowne Avenue,M6H,2,2,825
"$2,450",19 Grand Trunk Crescent,M5J,2,1,
"$2,500",30 Gloucester Street,M4Y,2,1,
"$2,300",10 York Street,M5J,1,1,640
"$3,100",25 Capreol Court,M5V,2,2,
"$3,250",373 Front Street West,M5V,2,2,850
"$2,900",12 York Street,M5J,2,2,
"$1,795",816 Lansdowne Avenue,M6H,1,1,
"$2,100",650 Queen Street West,M6J,1,1,
"$2,780",85 Queens Wharf Road,M5V,2,2,
"$3,100",111 Elizabeth Street,M5G,2,2,855
"$3,850",151 Avenue Road,M5R,2,2,832
"$2,985",42 Charles Street East,M4Y,2,1,680
"$2,100",30 Ordnance Street,M6K,1,1,
"$2,500",101 Peter Street,M5V,1,1,560
"$2,360",85 Wood Street,M4Y,1,1,675
"$2,300",170 Sudbury Street,M6J,2,1,
"$2,100",11 Wellesley Street West,M4Y,1,1,
"$2,500",115 Blue Jays Way,M5V,2,1,725
"$1,980",197 Yonge Street,M5B,1,1,
"$2,900",1001 Bay Street,M5S,2,1,
"$1,695",Richardson Street,M5A,1,1,499
"$1,850",1420 Dupont Street,M6H,1,1,
"$2,500",16 Bonnycastle Street,M5A,1,1,699
"$2,300",205 Manning Avenue,M6J,1,1,650
"$1,900",460 Adelaide Street East,M5A,1,1,
"$2,300",393 King St W,M5V,2,1,800
"$2,050",85 Wood Street,M4Y,1,1,
"$2,800",20 Blue Jays Way,M5V,2,2,
"$2,150",8 Eglinton Avenue East,M4P,1,2,600
"$1,950",101 Peter Street,M5V,1,1,
"$1,890",231 Fort York Boulevard,M5V,1,1,500
"$2,400",21 Carlton Street,M5B,1,1,
"$3,000",50 Wellesley Street East,M4Y,2,2,710
"$2,175",318 Richmond Street West,M5V,1,1,
"$1,850",251 Jarvis Street,M5B,1,1,520
"$3,000",151 Dan Leckie Way,M5V,2,2,900
"$2,247",15 Brunel Court,M5V,2,1,750
"$2,295",300 Front Street West,M5V,1,1,
"$2,600",215 Queen Street West,M5V,2,1,600
"$2,100",85 Wood Street,M4Y,1,1,468
"$2,650",609 Avenue Road,M4V,2,2,644
"$2,500",5 Hanna Avenue,M6K,1,2,650
"$2,550",43 Eglinton Ave E | Unit: Eglinton Ave East,M4P,2,1,700
"$2,050",15 Bruyeres Mews,M5V,1,1,
"$3,750",215 Queen Street West,M5V,3,2,1500
"$1,800",111 Bathurst Street,M5V,1,1,480
"$2,900",550 Queens Quay West,M5V,2,2,800
"$2,000",629 King Street West,M5V,1,1,
"$4,200",224 King Street West,M5H,2,2,850
"$1,900",9201 Yonge Street,L4C,1,1,554
"$1,830",372 Highway 7,L4B,1,1,580
"$1,850",9191 Yonge Street,L4C,1,1,630
"$2,100",9199 Yonge Street,L4C,1,1,700
"$1,900",9201 Yonge Street,L4C,1,1,554
"$1,999",9201 Yonge Street,L4C,1,1,599
"$2,350",100 Observatory Lane,L4C,2,2,1670
"$1,975",310 Red Maple Road,L4C,1,1,700
"$1,800",18 Harding Boulevard,L4C,1,1,600
"$2,500",10376 Yonge Street,L4C,1,2,850
"$2,650",9608 Yonge Street,L4C,2,2,970
"$2,350",9201 Yonge Street,L4C,2,2,860
"$1,050",100 Observatory Lane,L4C,1,1,1640
"$2,100",5508 Yonge Street,M2N,1,1,500
"$2,550",6 Sonic Way,M3C,2,2,
"$2,500",25 Greenview Avenue,M2M,2,2,800
"$2,300",35 Saranac Boulevard,M6A,2,1,765
"$1,850",23 Sheppard Avenue East,M2N,1,1,600
"$2,000",16 Harrison Garden Boulevard,M2N,1,1,
"$2,250",24 Ferrand Drive,M3C,2,2,787
"$2,150",18 Holmes Avenue,M2N,1,1,643
"$2,300",1185 Eglinton Avenue East,M3C,2,2,850
"$2,500",60 Byng Avenue,M2N,2,2,800
"$1,800",1185 Eglinton Avenue East,M3C,1,1,500
"$2,500",50 Ann O'Reilly Road | Unit: 2,,2,2,1075
"$2,100",825 Don Mills Road,M3C,1,2,663
"$1,950",205 The Donway West,M3B,1,1,580
"$1,775",1185 Eglinton Avenue East,M3C,1,1,500
"$2,050",20 Ferrand Drive,M3C,1,1,640
"$2,000",200 Lotherton Pathway,M6B,2,1,700
"$2,600",260 Doris Ave | Unit: 705,M2N,2,2,1000
"$2,050",17 Kenaston Gardens,M2K,1,1,
"$2,570",4978 Yonge St | Unit: 3206,M2N,2,2,899
"$2,100",621 Sheppard Ave E | Unit: 358,M2K,1,1,699
"$1,800",525 Wilson Avenue,M3H,1,1,600
"$2,350",Sonic Way,M3C,2,2,770
"$2,300",72 Esther Shiner Boulevard,M2K,2,2,950
"$2,100",120 Harrison Garden Boulevard,M2N,1,1,
"$2,275",2885 Bayview Avenue,M2K,1,1,749
"$2,100",1700 Eglinton Avenue East,M4A,1,1,650
"$2,150",7 Kenaston Gardens | Unit: 702,M2K,1,1 ½,699
"$1,950",5 Northtown Way,M2N,1,1,600
"$1,950",5508 Yonge Street,M2N,1,1,570
"$2,050",35 Saranac Blvd | Unit: 225,M6A,1,1,
"$1,900",7 Concorde Place,M3C,1,1,650
"$2,000",200 Lotherton Pathway,M6B,2,1,700
"$2,075",24 Ferrand Drive,M3C,1,1,625
"$1,875",735 Don Mills Road,M3C,1,1,650
"$2,950",85 The Donway W,,2,2,1450
"$2,400",906 Sheppard Avenue West,M3H,2,2,
"$2,250",6 Sonic Way,M3C,2,2,
"$1,900",2 Sonic Way,M3C,1,1,500
"$1,900",Sonic Way,M3C,1,2,650
"$1,875",Sonic Way,M3C,1,1,650
"$1,850",2 Sonic Way,M3C,1,1,550
"$1,850",18 Rean Drive,M2K,1,1,545
"$2,050",17 Kenaston Gardens,M2K,1,1,680
"$2,100",2 Sonic Way,M3C,2,2,700
"$2,050",55 Ann O'Reilly Road,M2J,1,1,629
"$2,000",35 Saranac Boulevard,M6A,1,1,
"$2,500",39 Pemberton Avenue,M2M,2,2,
"$2,000",70 Forest Manor Road,M2J,1,1,657
"$2,600",5508 Yonge Street,M2N,2,2,850
"$2,250",Sonic Way,M3C,2,2,780
"$2,450",100 Parrotta Drive,M9M,2,2,1100
"$2,350",3091 Dufferin Street,M6A,2,2,
"$2,300",23 Sheppard Avenue East,M2N,1,1,559
"$1,950",17 Barberry Place,M2K,1,1,600
"$1,850",35 Saranac Boulevard,M6A,1,1,590
"$2,950",2 Anndale Drive,M2N,2,2,
"$1,900",35 Saranac Boulevard,M6A,1,1,
"$2,080",155 Beecroft Road,M2N,1,1,530
"$1,990",28 Harrison Garden Boulevard,M2N,1,1,
"$1,750",23 Sheppard Avenue East,M2N,1,1,
"$2,100",6 Sonic Way,M3C,2,2,651
"$2,150",121 McMahon Drive,M2K,1,1,688
"$2,050",30 Heron's Hill Way,M2J,1,1,540
"$2,300",55 Harrison Garden Boulevard,M2N,2,2,
"$2,400",35 Saranac Boulevard,M6A,2,1,760
"$1,850",18 Graydon Hall Drive,M3A,1,1,550
"$2,200",2885 Bayview Avenue,M2K,1,1,699
"$1,850",Sonic Way,M3C,1,1,650
"$2,100",1030 Sheppard Avenue West,M3H,1,1,
"$1,800",Sonic Way,M3C,1,2,650
"$1,800",2 Sonic Way,M3C,1,1,550
"$2,480",100 Harrison Garden Boulevard,M2N,2,2,877
"$1,880",3 Rean Drive,M2K,1,1,640
"$2,120",80 Harrison Garden Boulevard,M2N,2,1,
"$2,400",1700 Eglinton Avenue East,M4A,2,2,1000
"$2,000",17 Barberry Place,M2K,1,2,800
"$1,990",399 Spring Garden Avenue,M2N,1,1,620
"$1,900",33 Sheppard Avenue East,M2N,1,1,550
"$2,050",399 Spring Garden Avenue,M2N,1,1,650
"$1,800",18 Ferrand Drive,M3C,1,1,589
"$2,000",19 Barberry Place,M2K,1,1,
"$2,050",105 Harrison Garden Boulevard,M2N,1,1,
"$2,600",7 Lorraine Drive,M2N,2,2,700
"$1,950",19 Barberry Place,M2K,1,1,500
"$2,450",2 Rean Drive,M2K,1,2,792
"$1,900",18 Ferrand Drive,M3C,1,1,500
"$1,800",2 Sonic Way,M3C,1,1,550
"$2,100",7 Bishop Avenue,M2M,1,1,750
"$1,825",18 Rean Drive,M2K,1,1,550
"$1,475",149 Isaac Devins Boulevard,M9M,1,1,685
"$1,950",21 Clairtrell Road,M2N,1,1,601
"$1,700",2 Sonic Way,M3C,1,1,550
"$1,690",2 Sonic Way,M3C,1,1,500
"$2,500",120 Harrison Garden Boulevard,M2N,1,1,700
"$1,750",6 Sonic Way,M3C,1,1,500
"$2,600",5180 Yonge Street,M2N,2,2,810
"$1,900",18 Holmes Avenue,M2N,1,1,514
"$2,450",160 Flemington Road,M6A,2,2,
"$2,190",18 Barberry Place,M2K,1,1,650
"$2,400",105 Harrison Garden Boulevard,M2N,2,2,650
"$2,550",503 Beecroft Road,M2N,2,1,799
"$1,959",115 George Appleton Way,M3M,1,1,599
"$2,300",1185 Eglinton Avenue East,M3C,2,2,750
"$2,300",1185 Eglinton Avenue East,M3C,2,2,750
"$2,100",2800 Keele Street,M3M,1,2,
"$2,100",5180 Yonge St | Unit: 1203,M2N,1,1,496
"$2,300",1185 Eglinton Avenue East,M3C,2,2,750
"$2,100",6 Sonic Way,M3C,2,2,737
"$2,600",1060 Sheppard Avenue West,M3J,2,2,1021
"$1,850",35 Saranac Boulevard,M6A,1,1,550
"$2,300",15 Northtown Way,M2N,2,2,900
"$1,890",35 Saranac Boulevard,M6A,1,1,
"$2,400",66 Forest Manor Road,M2J,2,2,800
"$1,750",2 Sonic Way,M3C,1,1,500
"$2,100",5940 Yonge St,M2M,2,2,822
"$1,950",1060 Sheppard Avenue West,M3J,1,1 ½,650
"$2,900",29 Singer Court,M2K,2,2,1000
"$2,250",16 Harrison Garden Boulevard,M2N,1,1,750
"$2,100",1700 Eglinton Avenue East,M4A,1,1,650
"$2,200",2885 Bayview Avenue,M2K,1,1,699
"$2,100",830 Lawrence Avenue West,M6A,1,1,550
"$2,250",2 Anndale Drive,M2N,1,1,
"$2,100",5 Concorde Place,M3C,1,1,815
"$2,450",2 Rean Drive,M2K,1,2,799
"$1,900",31 Bales Avenue,M2N,1,1,520
"$1,800",160 Flemington Road,M6A,1,1,
"$2,000",188 Doris Avenue,M2N,1,1,
"$2,050",2885 Bayview Avenue,M2K,1,1,650
"$2,600",525 Wilson Avenue,M3H,2,2,
"$1,875",2 Sonic Way,M3C,1,1,650
"$2,250",5508 Yonge St,M2N,2,2,810
"$2,400",55 Ann O'Reilly Road,M2J,2,2,867
"$2,950",1888 Bayview Avenue,M4N,2,2,950
"$1,850",30 Harrison Garden Boulevard,M2N,1,1,550
"$1,600",77 Allingham Gardens | Unit: Basement,M3H,1,1,
"$2,450",55 Harrison Garden Boulevard,M2N,2,2,
"$2,125",830 Lawrence Avenue West,M6A,1,1,600
"$2,180",100 Harrison Garden Boulevard,M2N,1,1,
"$2,300",99 The Donway West,M3C,1,1,644
"$1,850",18 Rean Drive,M2K,1,1,599
"$2,200",56 Forest Manor Road,M2J,1,2,
"$1,900",701 Sheppard Avenue West,M3H,1,1,550
"$2,150",565 Wilson Avenue,M3H,1,1,
"$2,500",23 Lorraine Drive,M2N,2,2,900
"$2,350",100 Leeward Glenway,M3C,2,1,950
"$1,750",160 Flemington Rd,M6A,1,1,450
"$2,400",28 Olive Ave | Unit: 706,M2N,2,1,
"$1,650",6 Sonic Way,M3C,1,1,550
"$1,845",27 Rean Drive,M2K,1,1,680
"$2,100",153 Beecroft Road,M2N,1,1,600
"$2,300",2 Anndale Drive,M2N,1,1,675
"$1,950",1060 Sheppard Avenue West,M3J,1,1 ½,650
"$2,700",6 Sonic Way,M3C,3,2,931
"$1,750",2 Sonic Way,M3C,1,2,640
"$2,050",23 Sheppard Ave E | Unit: 2501,M2N,1,1,599
"$2,800",1815 O'Connor Drive,M4A,3,2,1300
"$1,850 - $2,250",60 Ann OReilly Road,M2J,1 - 2,1 - 2,580-828
"$2,150",7 Kenaston Gardens,M2K,1,2,65
"$1,900",7 Kenaston Gardens,M2K,1,1,598
"$2,100",2 Anndale Drive,M2N,1,1,
"$1,900",27 Rean Drive,M2K,1,1,616
"$1,950",160 Flemington Road,M6A,2,2,630
"$2,350",Linus Road,M2J,2,1 ½,950
"$2,400",872 Sheppard Avenue West,M3H,2,2,920
"$2,600",3091 Dufferin Street,M6A,2,2,
"$2,150",160 Flemington Road,M6A,2,1,
"$2,000",16 Harrison Garden Boulevard,M2N,1,1,
"$2,090",2885 Bayview Ave | Unit: 1502,M2K,1,1,
"$2,850",509 Beecroft Road,M2N,2,2,900
"$1,900",17 Barberry Place,M2K,1,1,550
"$2,000",66 Forest Manor Road,M2J,1,1,539
"$1,730",2015 Sheppard Avenue East,M2J,1,1,500
"$2,100",18 Graydon Hall Drive,M3A,2,2,800
"$2,400",5740 Yonge Street,M2M,2,2,780
"$1,750",2 Sonic Way,M3C,1,1,500
"$1,775",1185 Eglinton Avenue East,M3C,1,1,500
"$2,650",509 Beecroft Road,M2N,2,2,900
"$2,450",830 Lawrence Avenue West,M6A,2,2,
"$1,950",1700 Eglinton Avenue East,M4A,1,1,650
"$2,400",5740 Yonge Street,M2M,2,2,717
"$2,000",80 Harrison Garden Boulevard,M2N,1,1,
"$3,300",9 Bogert Avenue,M2N,2,2,930
"$2,600",500 Doris Avenue,M2N,2,2,800
"$2,200",130 Neptune Drive,M6A,2,1,1200
"$1,800",1185 Eglinton Avenue East,M3C,1,2,650
"$1,950",1060 Sheppard Avenue West,M3J,1,1 ½,650
"$2,250",72 Esther Shiner Boulevard,M2K,1,1,758
"$2,100",1700 Eglinton Avenue East,M4A,2,2,900
"$1,900",Sonic Way,M3C,1,1,550
"$2,150",16 Harrison Garden Boulevard,M2N,1,1,600
"$2,050",830 Lawrence Avenue West,M6A,1,1,700
"$1,900",19 Barberry Place,M2K,1,1,510
"$1,800",789 Don Mills Road,M3C,1,1,475
"$1,850",5791 Yonge Street,M2M,1,1,600
"$2,100",Don Mills Road,None,2,2,
"$2,100",88 Sheppard Avenue East,M2N,1,1,595
"$3,950",8 McKee Avenue,M2N,3,2,1550
"$1,900",2 Sonic Way,M3C,1,2,650
"$2,500",639 Lawrence Avenue West,M6A,2,2,1145
"$1,900",7 Kenaston Gardens,M2K,1,1,
"$1,690",725 Don Mills Road,M3C,1,1,780
"$1,900",33 Sheppard Avenue East,M2N,1,1,550
"$1,835",72 Esther Shiner Boulevard,M2K,1,1,550
"$3,350",830 Lawrence Avenue West,M6A,3,3,1059
"$1,900",2 Sonic Way,M3C,1,2,650
"$1,870",Sonic Way,M3C,1,2,650
"$1,850",Sonic Way,M3C,1,2,650
"$1,850",Sonic Way,M3C,1,2,650
"$2,400",4001 Don Mills Road,M2H,2,2,1200
"$1,850",7 Concorde Place,M3C,1,1,650
"$2,600",66 Forest Manor Road,M2J,2,1 ½,900
"$2,150",55 Harrison Garden Boulevard,M2N,2,1,
"$2,100",15 Vicora Linkway,M3C,2,1,850
"$2,150",55 Harrison Garden Boulevard,M2N,1,1,
"$2,600",18 Harrison Garden Boulevard,M2N,2,2,875
"$1,775",160 Flemington Road,M6A,1,1,550
"$1,850",Sonic Way,M3C,1,2,650
"$2,100",3 Everson Drive,M2N,1,1,600
"$1,880",33 Sheppard Avenue East,M2N,1,1,
"$1,900",18 Valley Woods Road,M3A,1,1,
"$1,700",8 Hillcrest Avenue,M2N,1,1,
"$1,990",5 Concorde Place,M3C,1,1,655
"$1,950",701 Sheppard Avenue West,M3H,1,1,
"$2,300",90 Absolute Avenue,L4Z,2,1,765
"$2,225",3880 Duke of York Boulevard,L5B,1,1,700
"$2,600",335 Rathburn Road West,L5B,2,2,
"$2,200",6950 Tenth Line West,L5N,2,1,
"$2,750",335 Rathburn Road West,L5B,2,2,900
"$2,200",3975 Grand Park Drive,L5B,1,1,670
"$2,550",80 Absolute Avenue,L4Z,2,2,864
"$2,599",335 Webb Drive,L5B,2,2,1050
"$2,200",115 Hillcrest Avenue,L5B,2,1,1000
"$2,100",5025 Four Springs Avenue,L5R,1,1,600
"$2,350",35 Kingsbridge Garden Circle,L5R,1,1,765
"$2,500",4900 Glen Erin Drive,L5M,2,2,875
"$2,100",Square One Drive,L5B,1,1,587
"$2,300",Brickstone Mews,L5B,1,1,699
"$2,300",75 Eglinton Avenue West,L5R,2,1,750
"$1,650",4975 Southampton Drive,L5M,1,1,500
"$2,050",3975 Grand Park Drive,L5B,1,1,680
"$2,000",4070 Confederation Parkway,L5B,1,1,530
"$2,400",3985 Grand Park Drive,L5B,2,2,900
"$1,950",3985 Grand Park Drive,L5B,1,1,
"$2,050",4070 Confederation Parkway,L5B,1,1,550
"$2,500",325 Webb Drive,L5B,2,2,1200
"$2,500",60 Absolute Avenue,L4Z,2,2,800
"$2,500",4099 Brickstone Mews,L5B,2,2,850
"$2,100",5033 Four Springs Avenue,L5R,1,1,615
"$2,090",3888 Duke of York Boulevard,L5B,1,1,720
"$1,900",3525 Kariya Drive,L5B,1,1,700
"$2,200",Kingsbridge Garden Circle,L5R,1,1,700
"$2,500",4011 Brickstone Mews,L5B,2,2,850
"$2,400",35 Trailwood Drive,L4Z,2,2,1200
"$2,350",220 Burnhamthorpe Road West,L5B,1,1 ½,790
"$2,050",3880 Duke of York Boulevard,L5B,1,1,700
"$2,800",4655 Glen Erin Drive,L5M,3,2,955
"$2,500",3590 Kaneff Crescent,L5A,3,1 ½,1300
"$3,000",35 Kingsbridge Garden Circle,L5R,2,2,1200
"$1,950",4900 Glen Erin Drive,L5M,1,1,699
"$2,199",2520 Eglinton Avenue West,L5M,1,2,861
"$2,500",3590 Kaneff Crescent,L5A,3,1 ½,1200
"$2,000",75 Eglinton Avenue West,L5R,1,1 ½,650
"$2,000",80 Absolute Avenue,L4Z,1,1,650
"$2,600",3985 Grand Park Drive,L5B,2,2,900
"$2,000",510 Curran Place,L5B,1,1,600
"$1,975",4889 Kimbermount Avenue,L5M,1,1,700
"$2,175",510 Curran Place,L5B,1,1,
"$2,050",90 Absolute Ave | Unit: 2208,L4Z,1,1,
"$2,150",33 Elm Drive,L5B,1,1,700
"$3,200",1535 Lakeshore Road East,L5E,3,2,1475
"$2,399",250 Webb Drive,L5B,2,2,1000
"$2,250",3939 Duke of York Boulevard,L5B,1,2,750
"$2,200",3880 Duke of York Boulevard,L5B,1,1,
"$1,100",220 Burnhamthorpe Road West,L5B,1,1,800
"$2,150",300 Webb Drive,L5B,1,1,750
"$2,100",90 Absolute Avenue,L4Z,1,0,710
"$2,300",880 Dundas Street West,L5C,2,1 ½,1200
"$2,700",250 Webb Drive,L5B,2,2,1201
"$2,600",3700 Kaneff Crescent,L5A,3,2,1199
"$2,000",4070 Confederation Parkway,L5B,1,1,530
"$2,200",320 City Centre Drive,L5B,1,1,700
"$2,150",4065 Brickstone Mews,L5B,1,1,700
"$2,550",4011 Brickstone Mews,L5B,2,2,920
"$2,500",4099 Brickstone Mews,L5B,2,2,
"$2,400",2556 Argyle Road,L5B,3,1 ½,1300
"$2,799",335 Rathburn Road West,L5B,2,2,1100
"$2,100",180 Enterprise Boulevard,L6G,1,2,687
"$2,000",58 Adam Sellers Street,L6B,1,1 ½,806
"$2,200",58 Adam Sellers Street,L6B,2,2,1000
"$1,900",1 Upper Duke Crescent,L6G,1,2,760
"$1,675",9500 Markham Road,L3P,1,1,549
"$1,990",7165 Yonge Street,L3T,1,1,600
"$2,000",8110 Birchmount Road,L3R,1,1,750
"$2,200",39 New Delhi Drive,L3S,2,2,
"$3,200",253 South Park Road,L3T,3,2,1400
"$2,400",50 Inverlochy Boulevard,L3T,2,1 ½,1000
"$2,100",180 Enterprise Boulevard,L6G,1,1,780
"$2,800",403 Church Street,L6B,2,2,
"$1,895",131 Upper Duke Crescent,L6G,1,2,630
"$2,850",33 Shore Breeze Drive,M8V,2,2,858
"$2,795",8 Hillside Avenue,M8V,2,2,
"$1,950",165 Legion Road North,M8Y,1,1,475
"$2,300",8 Fieldway Road,M8Z,1,1,
"$2,300",200 Manitoba Street,M8Y,1,1 ½,720
"$1,900",4198 Dundas Street West,M8X,1,1,550
"$2,275",2 Old Mill Drive,M8X,1,1,636
"$3,500",33 Shore Breeze Drive,M8V,2,2,
"$1,948",30 Shore Breeze Drive,M8V,1,1,585
"$2,400",2212 Lake Shore Boulevard West,M8V,2,2 ½,920
"$2,040",1 Michael Power Place,M9A,1,1,
"$1,750 - $2,800",11 Dunbloor Rd,,0 - 3,1,
"$2,800",250 Manitoba Street,M8Y,2,2,1180
"$2,000",300 Manitoba Street,M8Y,1,1,950
"$3,000",90 Park Lawn Road,M8Y,2,2,
"$2,100",30 Shore Breeze Drive,M8V,1,1,485
"$2,600",30 Shore Breeze Drive,M8V,2,1,
"$2,300",9 Michael Power Place,M9A,1,2,
"$2,000",56 Annie Craig Drive,M8V,1,1,
"$2,100",2230 Lake Shore Boulevard West,M8V,1,1,600
"$2,300",200 Manitoba Street,M8Y,1,2,955
"$2,200",33 Shore Breeze Drive,M8V,1,1,
"$2,400",1 Valhalla Inn Road,M9B,2,1,
"$2,300",3865 Lake Shore Boulevard West,M8W,1,2,
"$2,500",225 Sherway Gardens Road,M9C,2,2,800
"$2,250",2121 Lake Shore Boulevard West,M8V,1,1,
"$2,200",7 Mabelle Avenue,M9A,2,2,
"$3,450",250 Manitoba Street,M8Y,2,0,12000
"$2,200",3 Michael Power Place,M9A,1,1,700
"$2,150",165 Legion Road North,M8Y,1,1,
"$1,995",17 Zorra Street,M8Z,1,1,
"$2,000",30 Shore Breeze Drive,M8V,1,1,
"$2,100",5 Valhalla Inn Road,M9A,1,1,650
"$2,800",90 Park Lawn Road,M8Y,2,2,
"$2,275",33 Shore Breeze Drive,M8V,1,1,520
"$2,100",7 Michael Power Place,M9A,1,1,645
"$2,450",3391 Bloor Street West,M8X,2,2,
"$1,875",90 Park Lawn Road,M8Y,1,1,
"$2,650",20 Shore Breeze Drive,M8V,2,2,754
"$1,900",25 Viking Lane,M9B,1,1,550
"$2,000",60 Annie Craig Drive,M8V,1,1,
"$1,975",7 Mabelle Avenue,M9A,1,1,625
"$1,900",25 Viking Lane,M9B,1,1,550
"$2,650",20 Shore Breeze Drive,M8V,2,2,754
"$2,800",30 Shore Breeze Drive,M8V,2,2,
"$2,600",20 Shore Breeze Drive,M8V,2,2,754
"$2,450",Thomas Riley Road,M9B,2,2,
"$2,400",5 Rowntree Road,M9V,2,2,1300
"$1,800",165 Legion Road North,M8Y,1,1,567
"$2,300",700 Humberwood Boulevard,M9W,2,2,
"$2,900",20 Shore Breeze Drive,M8V,2,2,
"$2,700",2000 Islington Avenue,M9P,2,2,1600
"$2,850",36 Park Lawn Road,M8Y,2,2,868
"$2,700",20 Shore Breeze Drive,M8V,2,1,754
"$2,200",10 Park Lawn Road,M8Y,1,1,657
"$1,995 - $2,295",88 Palace Pier Court,M8V,1,1,530
"$2,280",215 Sherway Gardens Road,M9C,1,2,743
"$2,000",90 Park Lawn Road,M8Y,1,1,
"$2,000",165 Legion Road North,M8Y,1,1,600
"$1,975",17 Zorra Street,M8Z,1,1,620
"$2,000",6 Eva Road,M9C,1,1,688
"$2,650",2 Old Mill Drive,M8X,1,2,899
"$1,850 - $2,400",7 Mabelle Avenue,M9A,1 - 2,1 - 2,488-779
"$2,050",9 Valhalla Inn Road,M9B,1,1,750
"$1,850",165 Legion Rd N,M8Y,1,1,500
"$2,400",30 Shore Breeze Drive,M8V,1,1,
"$2,400",2269 Lake Shore Boulevard West,M8V,1,2,1015
"$2,000",56 Annie Craig Drive,M8V,1,1,
"$1,990",9 Michael Power Place,M9A,1,1,
"$2,300",2261 Lake Shore Boulevard West,M8V,1,1,780
"$2,300",2111 Lake Shore Boulevard West,M8V,1,1,680
"$2,100",235 Sherway Gardens Road,M9C,1,1,650
"$2,250",20 Shore Breeze Drive,M8V,1,1,
"$2,650",56 Annie Craig Drive,M8V,2,1,
"$2,000",3 Michael Power Place,M9A,1,1,
"$2,000",15 Zorra Street,M8Z,1,1,
"$2,400",Park Lawn Road,None,2,1,825
"$2,200",3391 Bloor Street West,M8X,1,1 ½,750
"$2,700",215 Sherway Gardens Road,M9C,2,2,900
"$2,500",30 Shore Breeze Drive,M8V,2,1,677
"$1,950",17 Zorra Street,M8Z,1,1,620
"$1,900",90 Park Lawn Road,M8Y,1,1,
"$2,050",5 Valhalla Inn Road,M9A,1,1,745
"$2,450",215 Sherway Gardens Road,M9C,2,2,805
"$2,000",30 Shore Breeze Drive,M8V,1,1,
"$2,150",200 Manitoba Street,M8Y,1,1,780
"$2,200",2200 Lake Shore Boulevard West,M8V,1,1,
"$1,850",165 Legion Road North,M8Y,1,1,500
"$2,000 - $2,050",15 Viking Lane,M9B,1,1,580-641
"$2,300",61 Markbrook Lane,M9V,2,2,1100
"$2,450",20 Shore Breeze Drive,M8V,2,1,670
"$3,049",2212 Lake Shore Boulevard West,M8V,2,2,794
"$2,700",2230 Lake Shore Boulevard West,M8V,2,2,920
"$2,100",16 Brookers Lane,M8V,1,1,
"$2,000",30 Shore Breeze Drive,M8V,1,1,485
"$4,800",165 Legion Road North,M8Y,2,2,1150
"$3,600",250 Manitoba Street,M8Y,3,2,1200
"$2,150",39 Annie Craig Drive,M8V,1,1,
"$2,100",2087 Lake Shore Boulevard West,M8V,1,1,
"$2,100",30 Shore Breeze Drive,M8V,1,1,610
"$4,995",33 Shore Breeze Drive | Unit: 4101,M8V,3,2 ½,1600
"$2,400",2200 Lake Shore Boulevard West,M8V,2,2,780
"$2,000",300 Manitoba Street,M8Y,1,1,950
"$2,200",2 Eva Road,M9C,2,2,
"$2,450",5101 Dundas Street West,M9A,2,2,860
"$1,950",9 Valhalla Inn Road,M9B,1,1,
"$2,258",Dunbloor Road,M9A,2,2,875
"$2,700",20 Shore Breeze Drive,M8V,2,1,750
"$2,500",288 Mill Road,M9C,2,2,1060
"$1,950",1185 The Queensway,M8Z,1,1,700
"$2,000",20 Shore Breeze Drive,M8V,1,1,
"$2,500",2 Fieldway Road,M8Z,1,2,
"$2,500",10 Park Lawn Road,M8V,2,2,840
"$2,275",2 Old Mill Drive,M8X,1,1,636
"$2,850",15 Viking Lane,M9B,2,2,950
"$2,100",5 Valhalla Inn Road,M9A,1,1,
"$2,300",30 Shore Breeze Drive,M8V,1,1,625
"$2,500",59 Annie Craig Drive,M8V,2,2,825
"$2,200",2240 Lake Shore Boulevard West,M8V,1,1,700
"$2,500",56 Annie Craig Drive,M8V,2,1,
"$2,200",2220 Lake Shore Boulevard West,M8V,1,1,573
"$2,200",710 Humberwood Boulevard,M9W,2,2,1000
"$2,050",Thomas Riley Road,M9B,1,1,690
"$2,300",30 Shore Breeze Drive,M8V,1,1,625
"$2,050",30 Shore Breeze Drive,M8V,1,1,
"$2,500",10 Park Lawn Road,M8Y,2,2,840
"$3,300",80 Marine Parade Drive,M8V,2,2,1100
"$2,180",2200 Lake Shore Boulevard West,M8V,1,1,
"$2,400",200 Manitoba Street,M8Y,1,2,810
"$2,700",20 Shore Breeze Drive,M8V,2,2,740
"$2,150",165 Legion Road North,M8Y,1,1,
"$2,550",10 Park Lawn Road,M8Y,2,2,730
"$2,500",10 Park Lawn Road,M8V,2,2,785
"$2,950",20 Shore Breeze Drive,M8V,2,2,
"$2,500",2 Fieldway Road,M8Z,1,2,900
"$2,100",10 Park Lawn Road,M8V,1,1,
"$2,000",2 Eva Road,M9C,1,1,650
"$2,200",475 Bramalea Road,L6T,3,1 ½,1350
"$2,400",10 Laurelcrest Street,L6S,2,2,1125
"$2,300",75 Buttercup Lane,L6R,3,1,950
